0x2Ed6948f1a08d28EC1b987E689a77a91D0D74eCC,25
0x2Ed6948f1a08d28EC1b987E689a77a91D0D74eCC,25
0x2Ed6948f1a08d28EC1b987E689a77a91D0D74eCC,25
0x2Ed6948f1a08d28EC1b987E689a77a91D0D74eCC,25
0x2Ed6948f1a08d28EC1b987E689a77a91D0D74eCC,25
0x53fCf3461948130c18edf75598964e11be316D44,55
0x53fCf3461948130c18edf75598964e11be316D44,55
0x53fCf3461948130c18edf75598964e11be316D44,55
0x31Ce41Fe523CD51A397dDB88a01A9364f241F044,57
0x31Ce41Fe523CD51A397dDB88a01A9364f241F044,57
0x31Ce41Fe523CD51A397dDB88a01A9364f241F044,57
0x53fCf3461948130c18edf75598964e11be316D44,55
0x53fCf3461948130c18edf75598964e11be316D44,55
0x31Ce41Fe523CD51A397dDB88a01A9364f241F044,57
0x31Ce41Fe523CD51A397dDB88a01A9364f241F044,57
0x1A1aEd9cB8c3b307AF85edFA388dCa672B4f7d77,78
0x1A1aEd9cB8c3b307AF85edFA388dCa672B4f7d77,78
0x1A1aEd9cB8c3b307AF85edFA388dCa672B4f7d77,78
0x1A1aEd9cB8c3b307AF85edFA388dCa672B4f7d77,78
0xa5Fb6312644db621913EBf26847771D4550739DD,86
0xa5Fb6312644db621913EBf26847771D4550739DD,86
0x1A1aEd9cB8c3b307AF85edFA388dCa672B4f7d77,78
0xa5Fb6312644db621913EBf26847771D4550739DD,86
0xa5Fb6312644db621913EBf26847771D4550739DD,86
0xFF2591A64c7C5632CAd549DD0fB3bBFf2E905799,92
0xFF2591A64c7C5632CAd549DD0fB3bBFf2E905799,92
0xFF2591A64c7C5632CAd549DD0fB3bBFf2E905799,92
0xa5Fb6312644db621913EBf26847771D4550739DD,86
0xFF2591A64c7C5632CAd549DD0fB3bBFf2E905799,92
0xcd741d4D883390424AA83a7bcF4503DC32b92577,98
0xcd741d4D883390424AA83a7bcF4503DC32b92577,98
0xFF2591A64c7C5632CAd549DD0fB3bBFf2E905799,92
0xcd741d4D883390424AA83a7bcF4503DC32b92577,98
0xcd741d4D883390424AA83a7bcF4503DC32b92577,98
0xcd741d4D883390424AA83a7bcF4503DC32b92577,98
0xd1CAD5A75Cc324D70d7A9A9f5CD15cD4b1BefcCC,113
0xd1CAD5A75Cc324D70d7A9A9f5CD15cD4b1BefcCC,113
0xd1CAD5A75Cc324D70d7A9A9f5CD15cD4b1BefcCC,113
0xb916cA6F14f068b66E999B4FE2d2CEeBBb2bDecc,115
0xb916cA6F14f068b66E999B4FE2d2CEeBBb2bDecc,115
0x6d0109A3E791bBFfa54b1873Df5752320FC2fe11,116
0xb916cA6F14f068b66E999B4FE2d2CEeBBb2bDecc,115
0x6d0109A3E791bBFfa54b1873Df5752320FC2fe11,116
0x6d0109A3E791bBFfa54b1873Df5752320FC2fe11,116
0xd1CAD5A75Cc324D70d7A9A9f5CD15cD4b1BefcCC,113
0xEB48C33CD07C6304b44D8740cFacEE7a09A68A55,119
0xd1CAD5A75Cc324D70d7A9A9f5CD15cD4b1BefcCC,113
0xb916cA6F14f068b66E999B4FE2d2CEeBBb2bDecc,115
0xEB48C33CD07C6304b44D8740cFacEE7a09A68A55,119
0x6d0109A3E791bBFfa54b1873Df5752320FC2fe11,116
0xb916cA6F14f068b66E999B4FE2d2CEeBBb2bDecc,115
0xEB48C33CD07C6304b44D8740cFacEE7a09A68A55,119
0x6d0109A3E791bBFfa54b1873Df5752320FC2fe11,116
0xEB48C33CD07C6304b44D8740cFacEE7a09A68A55,119
0xEB48C33CD07C6304b44D8740cFacEE7a09A68A55,119
0x77CfceD0D648cE99d3be8213215506E10a5B8100,144
0x77CfceD0D648cE99d3be8213215506E10a5B8100,144
0x77CfceD0D648cE99d3be8213215506E10a5B8100,144
0x77CfceD0D648cE99d3be8213215506E10a5B8100,144
0x3E9Eed3549F88709986A87f49C91a6a38478f700,151
0x77CfceD0D648cE99d3be8213215506E10a5B8100,144
0x3E9Eed3549F88709986A87f49C91a6a38478f700,151
0x3E9Eed3549F88709986A87f49C91a6a38478f700,151
0x3E9Eed3549F88709986A87f49C91a6a38478f700,151
0x3E9Eed3549F88709986A87f49C91a6a38478f700,151
0xe7DC6732D0E9d9789F92e8b0D954c97d7bC70F22,177
0xd1347766708DB961211A0e2f8E377742d7eA3744,179
0xe7DC6732D0E9d9789F92e8b0D954c97d7bC70F22,177
0xd1347766708DB961211A0e2f8E377742d7eA3744,179
0xe7DC6732D0E9d9789F92e8b0D954c97d7bC70F22,177
0xe7DC6732D0E9d9789F92e8b0D954c97d7bC70F22,177
0xe7DC6732D0E9d9789F92e8b0D954c97d7bC70F22,177
0xd1347766708DB961211A0e2f8E377742d7eA3744,179
0xd1347766708DB961211A0e2f8E377742d7eA3744,179
0xd1347766708DB961211A0e2f8E377742d7eA3744,179
0xBcb8Bd54C670dd842d80129EcB94b747D17473aa,195
0xBcb8Bd54C670dd842d80129EcB94b747D17473aa,195
0xBcb8Bd54C670dd842d80129EcB94b747D17473aa,195
0xFeD2338C8244e624b86784513BbFB4864158FF33,201
0xBcb8Bd54C670dd842d80129EcB94b747D17473aa,195
0xBcb8Bd54C670dd842d80129EcB94b747D17473aa,195
0xFeD2338C8244e624b86784513BbFB4864158FF33,201
0xFeD2338C8244e624b86784513BbFB4864158FF33,201
0xFeD2338C8244e624b86784513BbFB4864158FF33,201
0xFeD2338C8244e624b86784513BbFB4864158FF33,201
0x77FC9CCDabD08493000a197d83cAEC446f6B3D44,326
0x77FC9CCDabD08493000a197d83cAEC446f6B3D44,326
0x77FC9CCDabD08493000a197d83cAEC446f6B3D44,326
0x77FC9CCDabD08493000a197d83cAEC446f6B3D44,326
0x77FC9CCDabD08493000a197d83cAEC446f6B3D44,326
0x4cb6F25d4f55473a77F211dE1a94d41b06bA1555,355
0x4cb6F25d4f55473a77F211dE1a94d41b06bA1555,355
0x4cb6F25d4f55473a77F211dE1a94d41b06bA1555,355
0x4cb6F25d4f55473a77F211dE1a94d41b06bA1555,355
0x4cb6F25d4f55473a77F211dE1a94d41b06bA1555,355
0x6D45046a152717b9c2671863b13a3a45cA8c7855,414
0x6D45046a152717b9c2671863b13a3a45cA8c7855,414
0x6b5BF92163ad48E667ef1B119e75413dA9f2D977,418
0x6D45046a152717b9c2671863b13a3a45cA8c7855,414
0x6D45046a152717b9c2671863b13a3a45cA8c7855,414
0x6b5BF92163ad48E667ef1B119e75413dA9f2D977,418
0x6b5BF92163ad48E667ef1B119e75413dA9f2D977,418
0x6b5BF92163ad48E667ef1B119e75413dA9f2D977,418
0x6D45046a152717b9c2671863b13a3a45cA8c7855,414
0x6b5BF92163ad48E667ef1B119e75413dA9f2D977,418
0xE0A91db846BDC9C034764CeEB7727CB2D6C2BC88,449
0x879651e411a2BDFbE9E0e5c840AA4ef196014F33,452
0xE0A91db846BDC9C034764CeEB7727CB2D6C2BC88,449
0x879651e411a2BDFbE9E0e5c840AA4ef196014F33,452
0xE0A91db846BDC9C034764CeEB7727CB2D6C2BC88,449
0x879651e411a2BDFbE9E0e5c840AA4ef196014F33,452
0xE0A91db846BDC9C034764CeEB7727CB2D6C2BC88,449
0xE0A91db846BDC9C034764CeEB7727CB2D6C2BC88,449
0x879651e411a2BDFbE9E0e5c840AA4ef196014F33,452
0x879651e411a2BDFbE9E0e5c840AA4ef196014F33,452
0x1B6b1bA09A75F0d3310956D94C3c34EEfBaB9844,484
0x1B6b1bA09A75F0d3310956D94C3c34EEfBaB9844,484
0x69B691CD5608993362d9699543Ec911f405EBd77,489
0x69B691CD5608993362d9699543Ec911f405EBd77,489
0x1B6b1bA09A75F0d3310956D94C3c34EEfBaB9844,484
0x1B6b1bA09A75F0d3310956D94C3c34EEfBaB9844,484
0x1B6b1bA09A75F0d3310956D94C3c34EEfBaB9844,484
0x69B691CD5608993362d9699543Ec911f405EBd77,489
0x69B691CD5608993362d9699543Ec911f405EBd77,489
0x8D74a8474c004a04Ac6Fb3Eb5CBeB93Ca0E4cEBB,501
0x8D74a8474c004a04Ac6Fb3Eb5CBeB93Ca0E4cEBB,501
0x69B691CD5608993362d9699543Ec911f405EBd77,489
0x91c39823857e93beAfa59B06A7A3DE2bDe963E99,505
0x91c39823857e93beAfa59B06A7A3DE2bDe963E99,505
0x8D74a8474c004a04Ac6Fb3Eb5CBeB93Ca0E4cEBB,501
0x6aeB0B8bDa68e436E2E3cdd886411a7E9cBA1f99,510
0x6aeB0B8bDa68e436E2E3cdd886411a7E9cBA1f99,510
0x8D74a8474c004a04Ac6Fb3Eb5CBeB93Ca0E4cEBB,501
0x91c39823857e93beAfa59B06A7A3DE2bDe963E99,505
0x8D74a8474c004a04Ac6Fb3Eb5CBeB93Ca0E4cEBB,501
0x91c39823857e93beAfa59B06A7A3DE2bDe963E99,505
0x6aeB0B8bDa68e436E2E3cdd886411a7E9cBA1f99,510
0x4a5f984975BcbccDa1eaa14b22772D7694F51f11,519
0x91c39823857e93beAfa59B06A7A3DE2bDe963E99,505
0x4a5f984975BcbccDa1eaa14b22772D7694F51f11,519
0x6aeB0B8bDa68e436E2E3cdd886411a7E9cBA1f99,510
0x6aeB0B8bDa68e436E2E3cdd886411a7E9cBA1f99,510
0x4a5f984975BcbccDa1eaa14b22772D7694F51f11,519
0x2460194e951a531f97723a76780580df96bb04DD,526
0x2460194e951a531f97723a76780580df96bb04DD,526
0x4a5f984975BcbccDa1eaa14b22772D7694F51f11,519
0x2460194e951a531f97723a76780580df96bb04DD,526
0x4a5f984975BcbccDa1eaa14b22772D7694F51f11,519
0xf550A52c423BFD3149f22FA7b3eDc7A258D82477,533
0xf550A52c423BFD3149f22FA7b3eDc7A258D82477,533
0x2460194e951a531f97723a76780580df96bb04DD,526
0xf550A52c423BFD3149f22FA7b3eDc7A258D82477,533
0x2460194e951a531f97723a76780580df96bb04DD,526
0xf550A52c423BFD3149f22FA7b3eDc7A258D82477,533
0xf550A52c423BFD3149f22FA7b3eDc7A258D82477,533
0xe59016cb670994f97a5ba2f6EC61D54d4d5b3399,583
0xe59016cb670994f97a5ba2f6EC61D54d4d5b3399,583
0x1acfE5b51D4Cab080d6f6FBe5b0c95f13caFbC88,586
0xe59016cb670994f97a5ba2f6EC61D54d4d5b3399,583
0x1acfE5b51D4Cab080d6f6FBe5b0c95f13caFbC88,586
0x1acfE5b51D4Cab080d6f6FBe5b0c95f13caFbC88,586
0xe59016cb670994f97a5ba2f6EC61D54d4d5b3399,583
0x1acfE5b51D4Cab080d6f6FBe5b0c95f13caFbC88,586
0xe59016cb670994f97a5ba2f6EC61D54d4d5b3399,583
0x1acfE5b51D4Cab080d6f6FBe5b0c95f13caFbC88,586
0x79e2E79c1C9aD8021B70Bd403419E48E6547Acdd,615
0x79e2E79c1C9aD8021B70Bd403419E48E6547Acdd,615
0x79e2E79c1C9aD8021B70Bd403419E48E6547Acdd,615
0x8c276Fafb2DE18294998262aaFfaAc14092027ee,617
0x8c276Fafb2DE18294998262aaFfaAc14092027ee,617
0x8c276Fafb2DE18294998262aaFfaAc14092027ee,617
0x5d0bb7E27429413A15e997e1CbA2b915502F3677,627
0x79e2E79c1C9aD8021B70Bd403419E48E6547Acdd,615
0x5d0bb7E27429413A15e997e1CbA2b915502F3677,627
0x8c276Fafb2DE18294998262aaFfaAc14092027ee,617
0x5d0bb7E27429413A15e997e1CbA2b915502F3677,627
0x79e2E79c1C9aD8021B70Bd403419E48E6547Acdd,615
0x8c276Fafb2DE18294998262aaFfaAc14092027ee,617
0x5d0bb7E27429413A15e997e1CbA2b915502F3677,627
0x5d0bb7E27429413A15e997e1CbA2b915502F3677,627
0xC946CbFc66CE8F58bea66Ca1548aCD0d64A64000,664
0xC946CbFc66CE8F58bea66Ca1548aCD0d64A64000,664
0xC946CbFc66CE8F58bea66Ca1548aCD0d64A64000,664
0x44181DF13d77e18Dc9a7D352e9E33fdd3fbb5599,670
0x44181DF13d77e18Dc9a7D352e9E33fdd3fbb5599,670
0x44181DF13d77e18Dc9a7D352e9E33fdd3fbb5599,670
0xC946CbFc66CE8F58bea66Ca1548aCD0d64A64000,664
0x5Cd8E08271b83e9819dC62B685807ae69e068344,683
0x44181DF13d77e18Dc9a7D352e9E33fdd3fbb5599,670
0xaAca4A3EC5A24F65Ff22EbCD52031f1aD4aA5033,686
0x5Cd8E08271b83e9819dC62B685807ae69e068344,683
0x5Cd8E08271b83e9819dC62B685807ae69e068344,683
0xaAca4A3EC5A24F65Ff22EbCD52031f1aD4aA5033,686
0xaAca4A3EC5A24F65Ff22EbCD52031f1aD4aA5033,686
0xC946CbFc66CE8F58bea66Ca1548aCD0d64A64000,664
0x44181DF13d77e18Dc9a7D352e9E33fdd3fbb5599,670
0x5Cd8E08271b83e9819dC62B685807ae69e068344,683
0xaAca4A3EC5A24F65Ff22EbCD52031f1aD4aA5033,686
0x5Cd8E08271b83e9819dC62B685807ae69e068344,683
0xaAca4A3EC5A24F65Ff22EbCD52031f1aD4aA5033,686
0x168d478E5D196D957950Bb7F295DCD69E6bb55ee,728
0x168d478E5D196D957950Bb7F295DCD69E6bb55ee,728
0x168d478E5D196D957950Bb7F295DCD69E6bb55ee,728
0x168d478E5D196D957950Bb7F295DCD69E6bb55ee,728
0x056755e290FfAb178e6e8267f222001c3Db88Aaa,748
0x056755e290FfAb178e6e8267f222001c3Db88Aaa,748
0x056755e290FfAb178e6e8267f222001c3Db88Aaa,748
0xFd85e48D768F3F9E0f7bde8FF1563a6bE68c4266,751
0xFd85e48D768F3F9E0f7bde8FF1563a6bE68c4266,751
0xFd85e48D768F3F9E0f7bde8FF1563a6bE68c4266,751
0x168d478E5D196D957950Bb7F295DCD69E6bb55ee,728
0x056755e290FfAb178e6e8267f222001c3Db88Aaa,748
0xFd85e48D768F3F9E0f7bde8FF1563a6bE68c4266,751
0x056755e290FfAb178e6e8267f222001c3Db88Aaa,748
0xFd85e48D768F3F9E0f7bde8FF1563a6bE68c4266,751
0xe4486D4069eE747022fe256C0c494fd11BB40522,782
0xe4486D4069eE747022fe256C0c494fd11BB40522,782
0xe4486D4069eE747022fe256C0c494fd11BB40522,782
0xe4486D4069eE747022fe256C0c494fd11BB40522,782
0xe4486D4069eE747022fe256C0c494fd11BB40522,782
0xfAe6bfDC0D0FE0c669A3319E7B45B1b15bFA7A44,834
0xfAe6bfDC0D0FE0c669A3319E7B45B1b15bFA7A44,834
0xfAe6bfDC0D0FE0c669A3319E7B45B1b15bFA7A44,834
0xfAe6bfDC0D0FE0c669A3319E7B45B1b15bFA7A44,834
0x2DA2d806b20Fe18d0F27c66fB8676aD3842bb599,852
0x2DA2d806b20Fe18d0F27c66fB8676aD3842bb599,852
0xfAe6bfDC0D0FE0c669A3319E7B45B1b15bFA7A44,834
0x2DA2d806b20Fe18d0F27c66fB8676aD3842bb599,852
0x2DA2d806b20Fe18d0F27c66fB8676aD3842bb599,852
0x2DA2d806b20Fe18d0F27c66fB8676aD3842bb599,852
0x0518c5a036143a60fD496CeaA1c0ECf1CFee3255,883
0x0518c5a036143a60fD496CeaA1c0ECf1CFee3255,883
0x851495a531cE2fcC2E0d0D68C6DeF44054c5dE99,889
0x851495a531cE2fcC2E0d0D68C6DeF44054c5dE99,889
0x226371ef57E64f8e4e4D3cb9A92a042b08219a55,891
0x0518c5a036143a60fD496CeaA1c0ECf1CFee3255,883
0x226371ef57E64f8e4e4D3cb9A92a042b08219a55,891
0xaB0CaD182CFaAC8A7dff537a7577Ce755240AC99,897
0xaB0CaD182CFaAC8A7dff537a7577Ce755240AC99,897
0x851495a531cE2fcC2E0d0D68C6DeF44054c5dE99,889
0x226371ef57E64f8e4e4D3cb9A92a042b08219a55,891
0x0518c5a036143a60fD496CeaA1c0ECf1CFee3255,883
0x0518c5a036143a60fD496CeaA1c0ECf1CFee3255,883
0x851495a531cE2fcC2E0d0D68C6DeF44054c5dE99,889
0xaB0CaD182CFaAC8A7dff537a7577Ce755240AC99,897
0x226371ef57E64f8e4e4D3cb9A92a042b08219a55,891
0x851495a531cE2fcC2E0d0D68C6DeF44054c5dE99,889
0x717051359Be2Fa4c48527b988DE17F413A8D88FF,908
0x717051359Be2Fa4c48527b988DE17F413A8D88FF,908
0x226371ef57E64f8e4e4D3cb9A92a042b08219a55,891
0xaB0CaD182CFaAC8A7dff537a7577Ce755240AC99,897
0x717051359Be2Fa4c48527b988DE17F413A8D88FF,908
0xaB0CaD182CFaAC8A7dff537a7577Ce755240AC99,897
0x717051359Be2Fa4c48527b988DE17F413A8D88FF,908
0x717051359Be2Fa4c48527b988DE17F413A8D88FF,908
0xe1D11D51B97640A156767e0f908bD9940Fce9666,933
0xe1D11D51B97640A156767e0f908bD9940Fce9666,933
0xe1D11D51B97640A156767e0f908bD9940Fce9666,933
0xe1D11D51B97640A156767e0f908bD9940Fce9666,933
0xe1D11D51B97640A156767e0f908bD9940Fce9666,933
0x2a3c6eF1436ED9ce8A55343f05614bE9571eFf55,970
0x2a3c6eF1436ED9ce8A55343f05614bE9571eFf55,970
0x2A9141942aEfB990e09c8B5eAd78D28cC36973BB,972
0x2A9141942aEfB990e09c8B5eAd78D28cC36973BB,972
0x2a3c6eF1436ED9ce8A55343f05614bE9571eFf55,970
0x2A9141942aEfB990e09c8B5eAd78D28cC36973BB,972
0x2a3c6eF1436ED9ce8A55343f05614bE9571eFf55,970
0x2A9141942aEfB990e09c8B5eAd78D28cC36973BB,972
0x2a3c6eF1436ED9ce8A55343f05614bE9571eFf55,970
0x1A3ADcaE420714e5AE4fB41C65C505e43d960966,994
0x1A3ADcaE420714e5AE4fB41C65C505e43d960966,994
0x2A9141942aEfB990e09c8B5eAd78D28cC36973BB,972
0x1A3ADcaE420714e5AE4fB41C65C505e43d960966,994
0x1A3ADcaE420714e5AE4fB41C65C505e43d960966,994
0x1A3ADcaE420714e5AE4fB41C65C505e43d960966,994
0x612ecc88142e4d072A62738F2CC43e6966795466,1021
0x612ecc88142e4d072A62738F2CC43e6966795466,1021
0xAd41ed1EC1B4280ba6141FFdB685a7645e211a66,1024
0xAd41ed1EC1B4280ba6141FFdB685a7645e211a66,1024
0x612ecc88142e4d072A62738F2CC43e6966795466,1021
0x612ecc88142e4d072A62738F2CC43e6966795466,1021
0xAd41ed1EC1B4280ba6141FFdB685a7645e211a66,1024
0xAd41ed1EC1B4280ba6141FFdB685a7645e211a66,1024
0x612ecc88142e4d072A62738F2CC43e6966795466,1021
0xAd41ed1EC1B4280ba6141FFdB685a7645e211a66,1024
0x54FeE6d9a5ed389Dd25A6D2815ba546B2D9e9411,1061
0x54FeE6d9a5ed389Dd25A6D2815ba546B2D9e9411,1061
0x54FeE6d9a5ed389Dd25A6D2815ba546B2D9e9411,1061
0x54FeE6d9a5ed389Dd25A6D2815ba546B2D9e9411,1061
0x2556a7F4755A0d3B8F431cb8d8633266a7A56D77,1080
0x54FeE6d9a5ed389Dd25A6D2815ba546B2D9e9411,1061
0x2556a7F4755A0d3B8F431cb8d8633266a7A56D77,1080
0x2556a7F4755A0d3B8F431cb8d8633266a7A56D77,1080
0x2556a7F4755A0d3B8F431cb8d8633266a7A56D77,1080
0x2556a7F4755A0d3B8F431cb8d8633266a7A56D77,1080
0x7Ab94F9B63057BAFA62C9FFc38719243ff8FE2ee,1099
0x7Ab94F9B63057BAFA62C9FFc38719243ff8FE2ee,1099
0x7Ab94F9B63057BAFA62C9FFc38719243ff8FE2ee,1099
0x7Ab94F9B63057BAFA62C9FFc38719243ff8FE2ee,1099
0x7Ab94F9B63057BAFA62C9FFc38719243ff8FE2ee,1099
0xcE2688dbE2B0C8B87e61CcdC565dEba904D04900,1130
0xcE2688dbE2B0C8B87e61CcdC565dEba904D04900,1130
0xcE2688dbE2B0C8B87e61CcdC565dEba904D04900,1130
0xcE2688dbE2B0C8B87e61CcdC565dEba904D04900,1130
0x2b6526F4588a9A2a20A3Bf0a2e44c32ea33fD522,1145
0xcE2688dbE2B0C8B87e61CcdC565dEba904D04900,1130
0x2b6526F4588a9A2a20A3Bf0a2e44c32ea33fD522,1145
0x2b6526F4588a9A2a20A3Bf0a2e44c32ea33fD522,1145
0x2b6526F4588a9A2a20A3Bf0a2e44c32ea33fD522,1145
0x2b6526F4588a9A2a20A3Bf0a2e44c32ea33fD522,1145
0x8C27716b89b38826869FC01650ceb3687B122E33,1164
0x8C27716b89b38826869FC01650ceb3687B122E33,1164
0x8C27716b89b38826869FC01650ceb3687B122E33,1164
0xc6C5D43AC5a553570e13714F58C2901EE1519555,1173
0x8C27716b89b38826869FC01650ceb3687B122E33,1164
0xc6C5D43AC5a553570e13714F58C2901EE1519555,1173
0x8C27716b89b38826869FC01650ceb3687B122E33,1164
0xc6C5D43AC5a553570e13714F58C2901EE1519555,1173
0x2CAA720588150d9D9C03f88B76F7FB21a3eD8077,1184
0xc6C5D43AC5a553570e13714F58C2901EE1519555,1173
0xc6C5D43AC5a553570e13714F58C2901EE1519555,1173
0x2CAA720588150d9D9C03f88B76F7FB21a3eD8077,1184
0x2CAA720588150d9D9C03f88B76F7FB21a3eD8077,1184
0x2CAA720588150d9D9C03f88B76F7FB21a3eD8077,1184
0x2bc841535D692F820D7bDFB651d08956d0eBdeee,1192
0x2bc841535D692F820D7bDFB651d08956d0eBdeee,1192
0x2bc841535D692F820D7bDFB651d08956d0eBdeee,1192
0x2CAA720588150d9D9C03f88B76F7FB21a3eD8077,1184
0xA453b45De55Ad97Cac00F76B3d739e2534828599,1198
0xA453b45De55Ad97Cac00F76B3d739e2534828599,1198
0x2bc841535D692F820D7bDFB651d08956d0eBdeee,1192
0xA453b45De55Ad97Cac00F76B3d739e2534828599,1198
0x2bc841535D692F820D7bDFB651d08956d0eBdeee,1192
0xA453b45De55Ad97Cac00F76B3d739e2534828599,1198
0x443e54A468d3c1299f54B4e478ad2fFdCac04a55,1208
0xA453b45De55Ad97Cac00F76B3d739e2534828599,1198
0x443e54A468d3c1299f54B4e478ad2fFdCac04a55,1208
0x443e54A468d3c1299f54B4e478ad2fFdCac04a55,1208
0xb138d4327F0fa0c75fA1d8CB52c970D114419655,1217
0x443e54A468d3c1299f54B4e478ad2fFdCac04a55,1208
0x443e54A468d3c1299f54B4e478ad2fFdCac04a55,1208
0xb138d4327F0fa0c75fA1d8CB52c970D114419655,1217
0xb138d4327F0fa0c75fA1d8CB52c970D114419655,1217
0xb138d4327F0fa0c75fA1d8CB52c970D114419655,1217
0xb138d4327F0fa0c75fA1d8CB52c970D114419655,1217
0xb63f9354892d657cC9a71c81C451928596081233,1244
0xb63f9354892d657cC9a71c81C451928596081233,1244
0xb63f9354892d657cC9a71c81C451928596081233,1244
0xb63f9354892d657cC9a71c81C451928596081233,1244
0xb63f9354892d657cC9a71c81C451928596081233,1244
0xec3746ef1df9722EAd389CE41376B9263C35c200,1270
0xec3746ef1df9722EAd389CE41376B9263C35c200,1270
0xec3746ef1df9722EAd389CE41376B9263C35c200,1270
0xec3746ef1df9722EAd389CE41376B9263C35c200,1270
0xec3746ef1df9722EAd389CE41376B9263C35c200,1270
0xf8Ca8a5B95ba3655c2E8608065506788cedfbc33,1295
0xf8Ca8a5B95ba3655c2E8608065506788cedfbc33,1295
0xf8Ca8a5B95ba3655c2E8608065506788cedfbc33,1295
0xf8Ca8a5B95ba3655c2E8608065506788cedfbc33,1295
0xf8Ca8a5B95ba3655c2E8608065506788cedfbc33,1295
0xd9dDefD4289191fF2671C2a2EFaCFbEe29bE7944,1314
0xd9dDefD4289191fF2671C2a2EFaCFbEe29bE7944,1314
0xd9dDefD4289191fF2671C2a2EFaCFbEe29bE7944,1314
0xd9dDefD4289191fF2671C2a2EFaCFbEe29bE7944,1314
0xe37C96e598a5168a79e142eC71EBEe0a6E467511,1323
0xe37C96e598a5168a79e142eC71EBEe0a6E467511,1323
0xe37C96e598a5168a79e142eC71EBEe0a6E467511,1323
0xd9dDefD4289191fF2671C2a2EFaCFbEe29bE7944,1314
0xe37C96e598a5168a79e142eC71EBEe0a6E467511,1323
0xe37C96e598a5168a79e142eC71EBEe0a6E467511,1323
0xAbe9D5C33cd9320214b71336295Daed95D63AFff,1346
0xAbe9D5C33cd9320214b71336295Daed95D63AFff,1346
0xAbe9D5C33cd9320214b71336295Daed95D63AFff,1346
0xAbe9D5C33cd9320214b71336295Daed95D63AFff,1346
0xAbe9D5C33cd9320214b71336295Daed95D63AFff,1346
0xfCf2A4Ab51B583a0dA0d4416A979215FCe0c4299,1370
0xfCf2A4Ab51B583a0dA0d4416A979215FCe0c4299,1370
0x30381B8F02580899AC8B8Aa5bfF7A6a971759200,1381
0xfCf2A4Ab51B583a0dA0d4416A979215FCe0c4299,1370
0x30381B8F02580899AC8B8Aa5bfF7A6a971759200,1381
0xfCf2A4Ab51B583a0dA0d4416A979215FCe0c4299,1370
0xfCf2A4Ab51B583a0dA0d4416A979215FCe0c4299,1370
0x30381B8F02580899AC8B8Aa5bfF7A6a971759200,1381
0x30381B8F02580899AC8B8Aa5bfF7A6a971759200,1381
0x30381B8F02580899AC8B8Aa5bfF7A6a971759200,1381
0xcdB3F24DEA83262aB44A4b632D955d16E6981e88,1414
0x86081BBDa6E7c5f9d6fD4499Bafb4E7B3018eA88,1421
0xcdB3F24DEA83262aB44A4b632D955d16E6981e88,1414
0xcdB3F24DEA83262aB44A4b632D955d16E6981e88,1414
0xcdB3F24DEA83262aB44A4b632D955d16E6981e88,1414
0xcdB3F24DEA83262aB44A4b632D955d16E6981e88,1414
0x86081BBDa6E7c5f9d6fD4499Bafb4E7B3018eA88,1421
0x86081BBDa6E7c5f9d6fD4499Bafb4E7B3018eA88,1421
0x86081BBDa6E7c5f9d6fD4499Bafb4E7B3018eA88,1421
0x86081BBDa6E7c5f9d6fD4499Bafb4E7B3018eA88,1421
0x48af486Bb3f126174C58944374C746E43323Ac88,1463
0x48af486Bb3f126174C58944374C746E43323Ac88,1463
0x48af486Bb3f126174C58944374C746E43323Ac88,1463
0x48af486Bb3f126174C58944374C746E43323Ac88,1463
0x48af486Bb3f126174C58944374C746E43323Ac88,1463
0x6C8155c06b7f42cc003138cD80398d7285a02500,1493
0x6C8155c06b7f42cc003138cD80398d7285a02500,1493
0x6C8155c06b7f42cc003138cD80398d7285a02500,1493
0x6C8155c06b7f42cc003138cD80398d7285a02500,1493
0x6C8155c06b7f42cc003138cD80398d7285a02500,1493
0x8D0cE36d138D47Ee059E2d33ec763c5B87AeAd88,1530
0x8D0cE36d138D47Ee059E2d33ec763c5B87AeAd88,1530
0x8D0cE36d138D47Ee059E2d33ec763c5B87AeAd88,1530
0x8D0cE36d138D47Ee059E2d33ec763c5B87AeAd88,1530
0x8D0cE36d138D47Ee059E2d33ec763c5B87AeAd88,1530
0x456173fE1d8822D77262Cbe0130Ac6d33F0873cc,1569
0x456173fE1d8822D77262Cbe0130Ac6d33F0873cc,1569
0x456173fE1d8822D77262Cbe0130Ac6d33F0873cc,1569
0x456173fE1d8822D77262Cbe0130Ac6d33F0873cc,1569
0x456173fE1d8822D77262Cbe0130Ac6d33F0873cc,1569
0x48D29b21DcAFE54fF37450Be50ac35574FB1D444,1604
0x48D29b21DcAFE54fF37450Be50ac35574FB1D444,1604
0x839bE196F5DdfF16907Fe437C2D4e19D7d0B6C33,1622
0x48D29b21DcAFE54fF37450Be50ac35574FB1D444,1604
0x48D29b21DcAFE54fF37450Be50ac35574FB1D444,1604
0x48D29b21DcAFE54fF37450Be50ac35574FB1D444,1604
0x71dE6702CE926ce34B072874B5c8F35b724d6322,1627
0xF838F11Ad885277DCca12C9e902bB66aDe69B399,1631
0xD67e2a6DaAC89c13D04881Ee282b76d287bBb4DD,1635
0x839bE196F5DdfF16907Fe437C2D4e19D7d0B6C33,1622
0x839bE196F5DdfF16907Fe437C2D4e19D7d0B6C33,1622
0x839bE196F5DdfF16907Fe437C2D4e19D7d0B6C33,1622
0x839bE196F5DdfF16907Fe437C2D4e19D7d0B6C33,1622
0x71dE6702CE926ce34B072874B5c8F35b724d6322,1627
0x71dE6702CE926ce34B072874B5c8F35b724d6322,1627
0x71dE6702CE926ce34B072874B5c8F35b724d6322,1627
0xF838F11Ad885277DCca12C9e902bB66aDe69B399,1631
0x71dE6702CE926ce34B072874B5c8F35b724d6322,1627
0xD67e2a6DaAC89c13D04881Ee282b76d287bBb4DD,1635
0xF838F11Ad885277DCca12C9e902bB66aDe69B399,1631
0xF838F11Ad885277DCca12C9e902bB66aDe69B399,1631
0xF838F11Ad885277DCca12C9e902bB66aDe69B399,1631
0xD67e2a6DaAC89c13D04881Ee282b76d287bBb4DD,1635
0xD67e2a6DaAC89c13D04881Ee282b76d287bBb4DD,1635
0xD67e2a6DaAC89c13D04881Ee282b76d287bBb4DD,1635
0x915D0eC8C5A67aE5381841d2e38750dAa1A50E99,1668
0x560D0FBD9aD1B4406A391cc0Eaf02015211b7abb,1677
0x915D0eC8C5A67aE5381841d2e38750dAa1A50E99,1668
0x915D0eC8C5A67aE5381841d2e38750dAa1A50E99,1668
0x915D0eC8C5A67aE5381841d2e38750dAa1A50E99,1668
0x915D0eC8C5A67aE5381841d2e38750dAa1A50E99,1668
0x560D0FBD9aD1B4406A391cc0Eaf02015211b7abb,1677
0x560D0FBD9aD1B4406A391cc0Eaf02015211b7abb,1677
0x560D0FBD9aD1B4406A391cc0Eaf02015211b7abb,1677
0x560D0FBD9aD1B4406A391cc0Eaf02015211b7abb,1677
0x2A5dC067d5dF61ae6957cdC6EEDf2279df1970BB,1698
0x3C9Ff42Ea72256ef618299d886305097A11f3855,1708
0x2A5dC067d5dF61ae6957cdC6EEDf2279df1970BB,1698
0x2A5dC067d5dF61ae6957cdC6EEDf2279df1970BB,1698
0x2A5dC067d5dF61ae6957cdC6EEDf2279df1970BB,1698
0x2A5dC067d5dF61ae6957cdC6EEDf2279df1970BB,1698
0x3C9Ff42Ea72256ef618299d886305097A11f3855,1708
0x3C9Ff42Ea72256ef618299d886305097A11f3855,1708
0x3C9Ff42Ea72256ef618299d886305097A11f3855,1708
0x3C9Ff42Ea72256ef618299d886305097A11f3855,1708
0x5E09da9B3FFC7F5305a82404d789EBd64b61B011,1736
0x624e8c979f9F83A0A2A88DAc5f459d3E4C120A99,1737
0x5E09da9B3FFC7F5305a82404d789EBd64b61B011,1736
0x5E09da9B3FFC7F5305a82404d789EBd64b61B011,1736
0x624e8c979f9F83A0A2A88DAc5f459d3E4C120A99,1737
0x624e8c979f9F83A0A2A88DAc5f459d3E4C120A99,1737
0x5E09da9B3FFC7F5305a82404d789EBd64b61B011,1736
0x624e8c979f9F83A0A2A88DAc5f459d3E4C120A99,1737
0x5E09da9B3FFC7F5305a82404d789EBd64b61B011,1736
0x624e8c979f9F83A0A2A88DAc5f459d3E4C120A99,1737
0x5cD0eAbBCa5D3f369a41826ac27C960088513eBB,1769
0x89bC66EDE214583bC15990Fd47c055712da24F99,1777
0x5cD0eAbBCa5D3f369a41826ac27C960088513eBB,1769
0x5cD0eAbBCa5D3f369a41826ac27C960088513eBB,1769
0x5cD0eAbBCa5D3f369a41826ac27C960088513eBB,1769
0x5cD0eAbBCa5D3f369a41826ac27C960088513eBB,1769
0x89bC66EDE214583bC15990Fd47c055712da24F99,1777
0x2397d550B511A73C37fDcAD5335d283528bb2377,1787
0xca716b3edAa613ED0A03fF83522cb8e4AcC8Beff,1789
0x89bC66EDE214583bC15990Fd47c055712da24F99,1777
0x89bC66EDE214583bC15990Fd47c055712da24F99,1777
0x89bC66EDE214583bC15990Fd47c055712da24F99,1777
0x2397d550B511A73C37fDcAD5335d283528bb2377,1787
0xca716b3edAa613ED0A03fF83522cb8e4AcC8Beff,1789
0x2397d550B511A73C37fDcAD5335d283528bb2377,1787
0x2397d550B511A73C37fDcAD5335d283528bb2377,1787
0xca716b3edAa613ED0A03fF83522cb8e4AcC8Beff,1789
0x2397d550B511A73C37fDcAD5335d283528bb2377,1787
0xca716b3edAa613ED0A03fF83522cb8e4AcC8Beff,1789
0xca716b3edAa613ED0A03fF83522cb8e4AcC8Beff,1789
0x5d7F8AD0968117c16D64A3858f69352Ad6860899,1809
0x5d7F8AD0968117c16D64A3858f69352Ad6860899,1809
0x5d7F8AD0968117c16D64A3858f69352Ad6860899,1809
0x5d7F8AD0968117c16D64A3858f69352Ad6860899,1809
0x5d7F8AD0968117c16D64A3858f69352Ad6860899,1809
0x1E5804439B22c85Aa1A7E1D804a9C177FDE82e11,1837
0x92385e7105451F60e1F7D59460D874b7EabEaB00,1846
0x1E5804439B22c85Aa1A7E1D804a9C177FDE82e11,1837
0x1E5804439B22c85Aa1A7E1D804a9C177FDE82e11,1837
0x1E5804439B22c85Aa1A7E1D804a9C177FDE82e11,1837
0x1E5804439B22c85Aa1A7E1D804a9C177FDE82e11,1837
0x92385e7105451F60e1F7D59460D874b7EabEaB00,1846
0x92385e7105451F60e1F7D59460D874b7EabEaB00,1846
0x92385e7105451F60e1F7D59460D874b7EabEaB00,1846
0x92385e7105451F60e1F7D59460D874b7EabEaB00,1846
0xcB1779d6D3BC8F5bd6988fb07Cf752942e7eABaa,1867
0x4B6106EA11b69252ff6C07D4449fEc1804043855,1872
0x1d36a90d733f8E293fE4c1BCd7724E76516dFF66,1873
0xcB1779d6D3BC8F5bd6988fb07Cf752942e7eABaa,1867
0xcB1779d6D3BC8F5bd6988fb07Cf752942e7eABaa,1867
0xcB1779d6D3BC8F5bd6988fb07Cf752942e7eABaa,1867
0x4B6106EA11b69252ff6C07D4449fEc1804043855,1872
0xcB1779d6D3BC8F5bd6988fb07Cf752942e7eABaa,1867
0x1d36a90d733f8E293fE4c1BCd7724E76516dFF66,1873
0x4B6106EA11b69252ff6C07D4449fEc1804043855,1872
0x4B6106EA11b69252ff6C07D4449fEc1804043855,1872
0x1d36a90d733f8E293fE4c1BCd7724E76516dFF66,1873
0x1d36a90d733f8E293fE4c1BCd7724E76516dFF66,1873
0x4B6106EA11b69252ff6C07D4449fEc1804043855,1872
0x1d36a90d733f8E293fE4c1BCd7724E76516dFF66,1873
0x4d212822Bd0832C7412f2787399a54ED35f644AA,1896
0x4d212822Bd0832C7412f2787399a54ED35f644AA,1896
0x4d212822Bd0832C7412f2787399a54ED35f644AA,1896
0x4d212822Bd0832C7412f2787399a54ED35f644AA,1896
0x4d212822Bd0832C7412f2787399a54ED35f644AA,1896
0x8877A13B2672221910F72Cb9e2B73F624cd5ac99,1917
0x8877A13B2672221910F72Cb9e2B73F624cd5ac99,1917
0x8877A13B2672221910F72Cb9e2B73F624cd5ac99,1917
0x8877A13B2672221910F72Cb9e2B73F624cd5ac99,1917
0x8877A13B2672221910F72Cb9e2B73F624cd5ac99,1917
0xF5CEB837826F124EaBdC409938D5eBbDfa48A7CC,1937
0x95B09733287cE162B554E3846D2539ae57bC7666,1941
0xF5CEB837826F124EaBdC409938D5eBbDfa48A7CC,1937
0xF5CEB837826F124EaBdC409938D5eBbDfa48A7CC,1937
0x95B09733287cE162B554E3846D2539ae57bC7666,1941
0xF5CEB837826F124EaBdC409938D5eBbDfa48A7CC,1937
0x95B09733287cE162B554E3846D2539ae57bC7666,1941
0x95B09733287cE162B554E3846D2539ae57bC7666,1941
0xF5CEB837826F124EaBdC409938D5eBbDfa48A7CC,1937
0x95B09733287cE162B554E3846D2539ae57bC7666,1941
0x2e333B16cb11a7DA6AD2ab5573FDbecDd19Df966,1976
0x2e333B16cb11a7DA6AD2ab5573FDbecDd19Df966,1976
0x2e333B16cb11a7DA6AD2ab5573FDbecDd19Df966,1976
0x450BF500440c661393B4641E5Dd702D7BF1b9177,1990
0x2e333B16cb11a7DA6AD2ab5573FDbecDd19Df966,1976
0x2e333B16cb11a7DA6AD2ab5573FDbecDd19Df966,1976
0x450BF500440c661393B4641E5Dd702D7BF1b9177,1990
0x450BF500440c661393B4641E5Dd702D7BF1b9177,1990
0x450BF500440c661393B4641E5Dd702D7BF1b9177,1990
0x895d17Fb654E9b74cB6f8654F4a435E01D071B99,2011
0x450BF500440c661393B4641E5Dd702D7BF1b9177,1990
0x895d17Fb654E9b74cB6f8654F4a435E01D071B99,2011
0xFE8Cde67cDFE864df3cDc1080a8172110B205711,2023
0x895d17Fb654E9b74cB6f8654F4a435E01D071B99,2011
0x895d17Fb654E9b74cB6f8654F4a435E01D071B99,2011
0x895d17Fb654E9b74cB6f8654F4a435E01D071B99,2011
0x7F4803D7b9fEDb9D99220F6312daCDCfECf60e33,2032
0xFE8Cde67cDFE864df3cDc1080a8172110B205711,2023
0xFE8Cde67cDFE864df3cDc1080a8172110B205711,2023
0xFE8Cde67cDFE864df3cDc1080a8172110B205711,2023
0x7F4803D7b9fEDb9D99220F6312daCDCfECf60e33,2032
0xFE8Cde67cDFE864df3cDc1080a8172110B205711,2023
0x7F4803D7b9fEDb9D99220F6312daCDCfECf60e33,2032
0x7F4803D7b9fEDb9D99220F6312daCDCfECf60e33,2032
0x7F4803D7b9fEDb9D99220F6312daCDCfECf60e33,2032
0x04FF8CeB62655DdcAb49d73410370bBD450e9e44,2051
0x04FF8CeB62655DdcAb49d73410370bBD450e9e44,2051
0x04FF8CeB62655DdcAb49d73410370bBD450e9e44,2051
0x04FF8CeB62655DdcAb49d73410370bBD450e9e44,2051
0x04FF8CeB62655DdcAb49d73410370bBD450e9e44,2051
0x45671E7E4dF0cf1Bb59C2236633bDf16dF517D66,2100
0x45671E7E4dF0cf1Bb59C2236633bDf16dF517D66,2100
0x45671E7E4dF0cf1Bb59C2236633bDf16dF517D66,2100
0x45671E7E4dF0cf1Bb59C2236633bDf16dF517D66,2100
0x45671E7E4dF0cf1Bb59C2236633bDf16dF517D66,2100
0x39DA2EE511b83E201587dC1c07330dC385c52D33,2121
0x39DA2EE511b83E201587dC1c07330dC385c52D33,2121
0x39DA2EE511b83E201587dC1c07330dC385c52D33,2121
0x39DA2EE511b83E201587dC1c07330dC385c52D33,2121
0x39DA2EE511b83E201587dC1c07330dC385c52D33,2121
0x7Ccf2d440Ef49ae0745Fe7e79b565EE52Ab01333,2144
0x7Ccf2d440Ef49ae0745Fe7e79b565EE52Ab01333,2144
0x7Ccf2d440Ef49ae0745Fe7e79b565EE52Ab01333,2144
0x7Ccf2d440Ef49ae0745Fe7e79b565EE52Ab01333,2144
0x18316BBB75FACB17bF55c3C45d8971578543E133,2162
0x18316BBB75FACB17bF55c3C45d8971578543E133,2162
0x7Ccf2d440Ef49ae0745Fe7e79b565EE52Ab01333,2144
0x18316BBB75FACB17bF55c3C45d8971578543E133,2162
0x18316BBB75FACB17bF55c3C45d8971578543E133,2162
0x18316BBB75FACB17bF55c3C45d8971578543E133,2162
0xF5689dDa0c2e61867c6A1331F5Aa8d4F17615666,2193
0xF5689dDa0c2e61867c6A1331F5Aa8d4F17615666,2193
0xF5689dDa0c2e61867c6A1331F5Aa8d4F17615666,2193
0xF5689dDa0c2e61867c6A1331F5Aa8d4F17615666,2193
0xF5689dDa0c2e61867c6A1331F5Aa8d4F17615666,2193
0x25EA41F91D94BB56698e1BD2F55739FfCC7Fb255,2220
0xe1475DB1207AfAc11E66Aa33d6a4F9E776Be06EE,2221
0x9239eBBd4C902aC2F891adAcDFA42449451E4F99,2224
0x25EA41F91D94BB56698e1BD2F55739FfCC7Fb255,2220
0xe1475DB1207AfAc11E66Aa33d6a4F9E776Be06EE,2221
0x9239eBBd4C902aC2F891adAcDFA42449451E4F99,2224
0x25EA41F91D94BB56698e1BD2F55739FfCC7Fb255,2220
0xe1475DB1207AfAc11E66Aa33d6a4F9E776Be06EE,2221
0x25EA41F91D94BB56698e1BD2F55739FfCC7Fb255,2220
0x9239eBBd4C902aC2F891adAcDFA42449451E4F99,2224
0xe1475DB1207AfAc11E66Aa33d6a4F9E776Be06EE,2221
0x9239eBBd4C902aC2F891adAcDFA42449451E4F99,2224
0x25EA41F91D94BB56698e1BD2F55739FfCC7Fb255,2220
0xe1475DB1207AfAc11E66Aa33d6a4F9E776Be06EE,2221
0x9239eBBd4C902aC2F891adAcDFA42449451E4F99,2224
0x7001457F846fe1eD8605b16F3552b977b4CaC144,2253
0x7001457F846fe1eD8605b16F3552b977b4CaC144,2253
0xe59B94077A8B42882548dA631525aF82a8349088,2262
0xe59B94077A8B42882548dA631525aF82a8349088,2262
0x7001457F846fe1eD8605b16F3552b977b4CaC144,2253
0x7001457F846fe1eD8605b16F3552b977b4CaC144,2253
0xc580CE3988CEb5371f89aFB55A32b9E4AA550999,2267
0xc580CE3988CEb5371f89aFB55A32b9E4AA550999,2267
0xe59B94077A8B42882548dA631525aF82a8349088,2262
0x7001457F846fe1eD8605b16F3552b977b4CaC144,2253
0xe59B94077A8B42882548dA631525aF82a8349088,2262
0xc580CE3988CEb5371f89aFB55A32b9E4AA550999,2267
0x108805A3aFa28166A5Df863ca853c78c1Ac94F33,2279
0xe59B94077A8B42882548dA631525aF82a8349088,2262
0x108805A3aFa28166A5Df863ca853c78c1Ac94F33,2279
0xc580CE3988CEb5371f89aFB55A32b9E4AA550999,2267
0x7E5Ee859A99A6c4350c347B520a243fBd8F10c55,2284
0x7E5Ee859A99A6c4350c347B520a243fBd8F10c55,2284
0xc580CE3988CEb5371f89aFB55A32b9E4AA550999,2267
0x108805A3aFa28166A5Df863ca853c78c1Ac94F33,2279
0x108805A3aFa28166A5Df863ca853c78c1Ac94F33,2279
0x7E5Ee859A99A6c4350c347B520a243fBd8F10c55,2284
0x7E5Ee859A99A6c4350c347B520a243fBd8F10c55,2284
0x108805A3aFa28166A5Df863ca853c78c1Ac94F33,2279
0xcaCD1fEB53cee5f01770aD266145C35909edFa00,2301
0xcaCD1fEB53cee5f01770aD266145C35909edFa00,2301
0x7E5Ee859A99A6c4350c347B520a243fBd8F10c55,2284
0x1DCA35EF328a98eb031349a059cC9DC192cf9A44,2310
0xcaCD1fEB53cee5f01770aD266145C35909edFa00,2301
0x1DCA35EF328a98eb031349a059cC9DC192cf9A44,2310
0x15E18d9Cb1Eb3aa3422D1c7aFfE09Ff4379774ff,2313
0x15E18d9Cb1Eb3aa3422D1c7aFfE09Ff4379774ff,2313
0xcaCD1fEB53cee5f01770aD266145C35909edFa00,2301
0xcaCD1fEB53cee5f01770aD266145C35909edFa00,2301
0x1DCA35EF328a98eb031349a059cC9DC192cf9A44,2310
0x15E18d9Cb1Eb3aa3422D1c7aFfE09Ff4379774ff,2313
0x1DCA35EF328a98eb031349a059cC9DC192cf9A44,2310
0x15E18d9Cb1Eb3aa3422D1c7aFfE09Ff4379774ff,2313
0x1DCA35EF328a98eb031349a059cC9DC192cf9A44,2310
0x15E18d9Cb1Eb3aa3422D1c7aFfE09Ff4379774ff,2313
0xB27c25f1C64054AC396C3140b0879533860E4c99,2338
0xB27c25f1C64054AC396C3140b0879533860E4c99,2338
0xB27c25f1C64054AC396C3140b0879533860E4c99,2338
0xD6E79A38F61290375d1aB1f463E3687c2386f366,2350
0xD6E79A38F61290375d1aB1f463E3687c2386f366,2350
0xB27c25f1C64054AC396C3140b0879533860E4c99,2338
0xB27c25f1C64054AC396C3140b0879533860E4c99,2338
0xD6E79A38F61290375d1aB1f463E3687c2386f366,2350
0xA64E49f5CAB94a9847eA9ca51294871F7C571811,2363
0xA64E49f5CAB94a9847eA9ca51294871F7C571811,2363
0xD6E79A38F61290375d1aB1f463E3687c2386f366,2350
0xA64E49f5CAB94a9847eA9ca51294871F7C571811,2363
0xD6E79A38F61290375d1aB1f463E3687c2386f366,2350
0xAd8062aEB4dbD6e8D573799F04fdAa091AA35D55,2380
0xAd8062aEB4dbD6e8D573799F04fdAa091AA35D55,2380
0xA64E49f5CAB94a9847eA9ca51294871F7C571811,2363
0xAd8062aEB4dbD6e8D573799F04fdAa091AA35D55,2380
0xA64E49f5CAB94a9847eA9ca51294871F7C571811,2363
0xdbEadBb90D0e08C2915e587Eb4895f83d3f3cc55,2388
0xdbEadBb90D0e08C2915e587Eb4895f83d3f3cc55,2388
0xdbEadBb90D0e08C2915e587Eb4895f83d3f3cc55,2388
0xAd8062aEB4dbD6e8D573799F04fdAa091AA35D55,2380
0xAd8062aEB4dbD6e8D573799F04fdAa091AA35D55,2380
0xdbEadBb90D0e08C2915e587Eb4895f83d3f3cc55,2388
0xdbEadBb90D0e08C2915e587Eb4895f83d3f3cc55,2388
0xeb3C9A2aFe719DB3B9Bb64EdB335B4528B3E0266,2423
0xeb3C9A2aFe719DB3B9Bb64EdB335B4528B3E0266,2423
0xeb3C9A2aFe719DB3B9Bb64EdB335B4528B3E0266,2423
0xeb3C9A2aFe719DB3B9Bb64EdB335B4528B3E0266,2423
0xeb3C9A2aFe719DB3B9Bb64EdB335B4528B3E0266,2423
0xc06222fc15b45378428Ba345aC8D6dF69c068411,2450
0xc06222fc15b45378428Ba345aC8D6dF69c068411,2450
0xc06222fc15b45378428Ba345aC8D6dF69c068411,2450
0xc06222fc15b45378428Ba345aC8D6dF69c068411,2450
0xc06222fc15b45378428Ba345aC8D6dF69c068411,2450
0x606b0Be3dF18Ab7168fDacDd5E1A2076dC66D855,2569
0x606b0Be3dF18Ab7168fDacDd5E1A2076dC66D855,2569
0x606b0Be3dF18Ab7168fDacDd5E1A2076dC66D855,2569
0x606b0Be3dF18Ab7168fDacDd5E1A2076dC66D855,2569
0x606b0Be3dF18Ab7168fDacDd5E1A2076dC66D855,2569
0x2172D5e226B6e354da6Ea88f569A06988F99bA55,2609
0x2172D5e226B6e354da6Ea88f569A06988F99bA55,2609
0x7D7D21528788Ff3Eb3E6B30d1F711f25872D8b22,2610
0x2172D5e226B6e354da6Ea88f569A06988F99bA55,2609
0x7D7D21528788Ff3Eb3E6B30d1F711f25872D8b22,2610
0x7D7D21528788Ff3Eb3E6B30d1F711f25872D8b22,2610
0x2172D5e226B6e354da6Ea88f569A06988F99bA55,2609
0x7D7D21528788Ff3Eb3E6B30d1F711f25872D8b22,2610
0x2172D5e226B6e354da6Ea88f569A06988F99bA55,2609
0x7D7D21528788Ff3Eb3E6B30d1F711f25872D8b22,2610
0x0fd74ED41c1e988cc12fD6b91E931a0EAAD39C44,2684
0x0fd74ED41c1e988cc12fD6b91E931a0EAAD39C44,2684
0x0fd74ED41c1e988cc12fD6b91E931a0EAAD39C44,2684
0x0fd74ED41c1e988cc12fD6b91E931a0EAAD39C44,2684
0x7728d7D906D25F3e0cB28a095b0075E46a54DC55,2698
0x7728d7D906D25F3e0cB28a095b0075E46a54DC55,2698
0x7728d7D906D25F3e0cB28a095b0075E46a54DC55,2698
0x0fd74ED41c1e988cc12fD6b91E931a0EAAD39C44,2684
0x0aA27cb04AB2AE644da1e795189E237E06C1A933,2707
0x0aA27cb04AB2AE644da1e795189E237E06C1A933,2707
0x0aA27cb04AB2AE644da1e795189E237E06C1A933,2707
0x7728d7D906D25F3e0cB28a095b0075E46a54DC55,2698
0x7728d7D906D25F3e0cB28a095b0075E46a54DC55,2698
0x0aA27cb04AB2AE644da1e795189E237E06C1A933,2707
0x88BB7137cb86e452044e1FB1dF8D1c7ca38c3322,2722
0x88BB7137cb86e452044e1FB1dF8D1c7ca38c3322,2722
0x88BB7137cb86e452044e1FB1dF8D1c7ca38c3322,2722
0x0aA27cb04AB2AE644da1e795189E237E06C1A933,2707
0xd7AFF1A0a43BD3FF7172CF4beFDc5Ff4385290ee,2734
0xd7AFF1A0a43BD3FF7172CF4beFDc5Ff4385290ee,2734
0x88BB7137cb86e452044e1FB1dF8D1c7ca38c3322,2722
0xd7AFF1A0a43BD3FF7172CF4beFDc5Ff4385290ee,2734
0x88BB7137cb86e452044e1FB1dF8D1c7ca38c3322,2722
0xd7AFF1A0a43BD3FF7172CF4beFDc5Ff4385290ee,2734
0xd7AFF1A0a43BD3FF7172CF4beFDc5Ff4385290ee,2734
0xbeD60dbEE57B88543693925A0536Cb4675959C88,2775
0xbeD60dbEE57B88543693925A0536Cb4675959C88,2775
0xbeD60dbEE57B88543693925A0536Cb4675959C88,2775
0x561b7E881fE585024bDbAf9C7f8a38389448ad77,2781
0x561b7E881fE585024bDbAf9C7f8a38389448ad77,2781
0x248DE01c0FdF472A6763498b6f43b785C16b0f55,2786
0x561b7E881fE585024bDbAf9C7f8a38389448ad77,2781
0x7447f0773147272E26EB6Ba2dd98Ee3Cc235c844,2788
0xbeD60dbEE57B88543693925A0536Cb4675959C88,2775
0x248DE01c0FdF472A6763498b6f43b785C16b0f55,2786
0x248DE01c0FdF472A6763498b6f43b785C16b0f55,2786
0x7447f0773147272E26EB6Ba2dd98Ee3Cc235c844,2788
0x7447f0773147272E26EB6Ba2dd98Ee3Cc235c844,2788
0x561b7E881fE585024bDbAf9C7f8a38389448ad77,2781
0x0a21cb218b18aF6993E3509085C0D1b785518633,2797
0xbeD60dbEE57B88543693925A0536Cb4675959C88,2775
0x248DE01c0FdF472A6763498b6f43b785C16b0f55,2786
0x7447f0773147272E26EB6Ba2dd98Ee3Cc235c844,2788
0x0a21cb218b18aF6993E3509085C0D1b785518633,2797
0x561b7E881fE585024bDbAf9C7f8a38389448ad77,2781
0x1A93F1cC7606EF9F4ebA96aB8444715C91D706EE,2801
0x0a21cb218b18aF6993E3509085C0D1b785518633,2797
0x1A93F1cC7606EF9F4ebA96aB8444715C91D706EE,2801
0x248DE01c0FdF472A6763498b6f43b785C16b0f55,2786
0x1A93F1cC7606EF9F4ebA96aB8444715C91D706EE,2801
0x0a21cb218b18aF6993E3509085C0D1b785518633,2797
0x7447f0773147272E26EB6Ba2dd98Ee3Cc235c844,2788
0x1A93F1cC7606EF9F4ebA96aB8444715C91D706EE,2801
0x0a21cb218b18aF6993E3509085C0D1b785518633,2797
0x1A93F1cC7606EF9F4ebA96aB8444715C91D706EE,2801
0xA0fb334869D976dEc44bf7447CAfDd7Cab903588,2832
0xFf2b9721deF345FF9e684fc08907e3C31eEbbdcc,2835
0xA0fb334869D976dEc44bf7447CAfDd7Cab903588,2832
0xA0fb334869D976dEc44bf7447CAfDd7Cab903588,2832
0xFf2b9721deF345FF9e684fc08907e3C31eEbbdcc,2835
0xFf2b9721deF345FF9e684fc08907e3C31eEbbdcc,2835
0xe202Ad35597f54ee6892aF8fA52A4D5c8697B255,2846
0x77F3611B2a4D4F4A25ABe4Fa52D1229397BB20BB,2847
0x6dB923cc81ACBdC0D644bB2015d4c23D5b468944,2848
0xA0fb334869D976dEc44bf7447CAfDd7Cab903588,2832
0xFf2b9721deF345FF9e684fc08907e3C31eEbbdcc,2835
0xe202Ad35597f54ee6892aF8fA52A4D5c8697B255,2846
0x77F3611B2a4D4F4A25ABe4Fa52D1229397BB20BB,2847
0xA0fb334869D976dEc44bf7447CAfDd7Cab903588,2832
0x6dB923cc81ACBdC0D644bB2015d4c23D5b468944,2848
0xe202Ad35597f54ee6892aF8fA52A4D5c8697B255,2846
0xCABCea5DbC7E51CBE8428c1a379646F8656D2866,2856
0x77F3611B2a4D4F4A25ABe4Fa52D1229397BB20BB,2847
0xFf2b9721deF345FF9e684fc08907e3C31eEbbdcc,2835
0x6dB923cc81ACBdC0D644bB2015d4c23D5b468944,2848
0xCABCea5DbC7E51CBE8428c1a379646F8656D2866,2856
0xe202Ad35597f54ee6892aF8fA52A4D5c8697B255,2846
0x77F3611B2a4D4F4A25ABe4Fa52D1229397BB20BB,2847
0x6dB923cc81ACBdC0D644bB2015d4c23D5b468944,2848
0xe202Ad35597f54ee6892aF8fA52A4D5c8697B255,2846
0x77F3611B2a4D4F4A25ABe4Fa52D1229397BB20BB,2847
0x6dB923cc81ACBdC0D644bB2015d4c23D5b468944,2848
0xCABCea5DbC7E51CBE8428c1a379646F8656D2866,2856
0xCABCea5DbC7E51CBE8428c1a379646F8656D2866,2856
0xCABCea5DbC7E51CBE8428c1a379646F8656D2866,2856
0x6A7bfAc8c308b4E2ce138f05E402dB12E6e68200,2893
0x6A7bfAc8c308b4E2ce138f05E402dB12E6e68200,2893
0xbB9e09c678dcEe2b1362dFdfa96EF25Fc64F0777,2898
0xbB9e09c678dcEe2b1362dFdfa96EF25Fc64F0777,2898
0x0AE69Ef0424442b990934b7965c549242FA45D77,2906
0x77E8396E3971A1EbD555F3fE17504A5Ec6Dd6622,2907
0x377A860D7DF64d8769Ee6b3169Ff8EB4285059aa,2909
0x0AE69Ef0424442b990934b7965c549242FA45D77,2906
0x77E8396E3971A1EbD555F3fE17504A5Ec6Dd6622,2907
0x6A7bfAc8c308b4E2ce138f05E402dB12E6e68200,2893
0x377A860D7DF64d8769Ee6b3169Ff8EB4285059aa,2909
0x6A7bfAc8c308b4E2ce138f05E402dB12E6e68200,2893
0xbB9e09c678dcEe2b1362dFdfa96EF25Fc64F0777,2898
0xbB9e09c678dcEe2b1362dFdfa96EF25Fc64F0777,2898
0x6A7bfAc8c308b4E2ce138f05E402dB12E6e68200,2893
0x0AE69Ef0424442b990934b7965c549242FA45D77,2906
0x77E8396E3971A1EbD555F3fE17504A5Ec6Dd6622,2907
0xbB9e09c678dcEe2b1362dFdfa96EF25Fc64F0777,2898
0x377A860D7DF64d8769Ee6b3169Ff8EB4285059aa,2909
0x2B6616d7a22a650C8EBF3541FE3aD3549Ee2fC77,2928
0x0AE69Ef0424442b990934b7965c549242FA45D77,2906
0x77E8396E3971A1EbD555F3fE17504A5Ec6Dd6622,2907
0x0AE69Ef0424442b990934b7965c549242FA45D77,2906
0x77E8396E3971A1EbD555F3fE17504A5Ec6Dd6622,2907
0x377A860D7DF64d8769Ee6b3169Ff8EB4285059aa,2909
0x377A860D7DF64d8769Ee6b3169Ff8EB4285059aa,2909
0x2B6616d7a22a650C8EBF3541FE3aD3549Ee2fC77,2928
0xfCa5f84B723f5A2D3F8Ec16076Ae4C99FaB42100,2939
0x7F061E49EA7a8F1c1815f77A1752ceBC14Ec2955,2943
0xfCa5f84B723f5A2D3F8Ec16076Ae4C99FaB42100,2939
0x2B6616d7a22a650C8EBF3541FE3aD3549Ee2fC77,2928
0x7F061E49EA7a8F1c1815f77A1752ceBC14Ec2955,2943
0x2B6616d7a22a650C8EBF3541FE3aD3549Ee2fC77,2928
0x2B6616d7a22a650C8EBF3541FE3aD3549Ee2fC77,2928
0xfCa5f84B723f5A2D3F8Ec16076Ae4C99FaB42100,2939
0x7F061E49EA7a8F1c1815f77A1752ceBC14Ec2955,2943
0xfCa5f84B723f5A2D3F8Ec16076Ae4C99FaB42100,2939
0xfCa5f84B723f5A2D3F8Ec16076Ae4C99FaB42100,2939
0x7F061E49EA7a8F1c1815f77A1752ceBC14Ec2955,2943
0x7F061E49EA7a8F1c1815f77A1752ceBC14Ec2955,2943
0x5D8bf66cEEa3185BecFFb128b20be9b988BD7322,2987
0x5D8bf66cEEa3185BecFFb128b20be9b988BD7322,2987
0x5D8bf66cEEa3185BecFFb128b20be9b988BD7322,2987
0x5D8bf66cEEa3185BecFFb128b20be9b988BD7322,2987
0x5D8bf66cEEa3185BecFFb128b20be9b988BD7322,2987
0x57B548CB23D7E5988E51Ba330289E8EB92a380cc,3048
0x57B548CB23D7E5988E51Ba330289E8EB92a380cc,3048
0xAE2fef9A309786eFF4A3A053F4e7c092923859CC,3050
0xAE2fef9A309786eFF4A3A053F4e7c092923859CC,3050
0x57B548CB23D7E5988E51Ba330289E8EB92a380cc,3048
0xf110aE03D7b52ED2fd95651D76DF2d0833AF5b22,3062
0x57B548CB23D7E5988E51Ba330289E8EB92a380cc,3048
0xf110aE03D7b52ED2fd95651D76DF2d0833AF5b22,3062
0xAE2fef9A309786eFF4A3A053F4e7c092923859CC,3050
0xAE2fef9A309786eFF4A3A053F4e7c092923859CC,3050
0xf9de58A21A1eF351CC6e025C85915811936deEFF,3069
0xf9de58A21A1eF351CC6e025C85915811936deEFF,3069
0x57B548CB23D7E5988E51Ba330289E8EB92a380cc,3048
0xAE2fef9A309786eFF4A3A053F4e7c092923859CC,3050
0xf110aE03D7b52ED2fd95651D76DF2d0833AF5b22,3062
0xf110aE03D7b52ED2fd95651D76DF2d0833AF5b22,3062
0xf9de58A21A1eF351CC6e025C85915811936deEFF,3069
0xf110aE03D7b52ED2fd95651D76DF2d0833AF5b22,3062
0xf9de58A21A1eF351CC6e025C85915811936deEFF,3069
0x5f6607F60b9364D3DCACf8d98eD49505dB2f8322,3085
0x5f6607F60b9364D3DCACf8d98eD49505dB2f8322,3085
0xf9de58A21A1eF351CC6e025C85915811936deEFF,3069
0x5f6607F60b9364D3DCACf8d98eD49505dB2f8322,3085
0x5f6607F60b9364D3DCACf8d98eD49505dB2f8322,3085
0x5f6607F60b9364D3DCACf8d98eD49505dB2f8322,3085
0x49Dce8963309AEe1Eb3182F490AB60a1Cd964688,3145
0x49Dce8963309AEe1Eb3182F490AB60a1Cd964688,3145
0x49Dce8963309AEe1Eb3182F490AB60a1Cd964688,3145
0x49Dce8963309AEe1Eb3182F490AB60a1Cd964688,3145
0x49Dce8963309AEe1Eb3182F490AB60a1Cd964688,3145
0x98Cd313AB08E082D76Abb7F8e4241CD8d4c89A22,3213
0x98Cd313AB08E082D76Abb7F8e4241CD8d4c89A22,3213
0x98Cd313AB08E082D76Abb7F8e4241CD8d4c89A22,3213
0x98Cd313AB08E082D76Abb7F8e4241CD8d4c89A22,3213
0x98A8EC3F455ae55bBE05A1DAeeC6dC7370205399,3227
0x98A8EC3F455ae55bBE05A1DAeeC6dC7370205399,3227
0x98Cd313AB08E082D76Abb7F8e4241CD8d4c89A22,3213
0x98A8EC3F455ae55bBE05A1DAeeC6dC7370205399,3227
0x98A8EC3F455ae55bBE05A1DAeeC6dC7370205399,3227
0x98A8EC3F455ae55bBE05A1DAeeC6dC7370205399,3227
0x1Fd79df439E932D49D91605a5B17C31DC675b0ff,3249
0x1Fd79df439E932D49D91605a5B17C31DC675b0ff,3249
0x1Fd79df439E932D49D91605a5B17C31DC675b0ff,3249
0x1Fd79df439E932D49D91605a5B17C31DC675b0ff,3249
0x9deA5c5b48EC3135e048853A5f1b6126a0b97F77,3262
0x9deA5c5b48EC3135e048853A5f1b6126a0b97F77,3262
0x1Fd79df439E932D49D91605a5B17C31DC675b0ff,3249
0xf408Eb0cb1fd49048909fA2c20a847300b22ac22,3266
0xf408Eb0cb1fd49048909fA2c20a847300b22ac22,3266
0x9deA5c5b48EC3135e048853A5f1b6126a0b97F77,3262
0x9deA5c5b48EC3135e048853A5f1b6126a0b97F77,3262
0xf408Eb0cb1fd49048909fA2c20a847300b22ac22,3266
0xf408Eb0cb1fd49048909fA2c20a847300b22ac22,3266
0x9deA5c5b48EC3135e048853A5f1b6126a0b97F77,3262
0xf408Eb0cb1fd49048909fA2c20a847300b22ac22,3266
0xc7403fdF6d2730d799162Fe83e9e6b9331AD8E66,3310
0xc7403fdF6d2730d799162Fe83e9e6b9331AD8E66,3310
0xc7403fdF6d2730d799162Fe83e9e6b9331AD8E66,3310
0xc7403fdF6d2730d799162Fe83e9e6b9331AD8E66,3310
0xc7403fdF6d2730d799162Fe83e9e6b9331AD8E66,3310
0x2A4241b5bfdc87B306f840D1205450A9809e8dFF,3328
0x2A4241b5bfdc87B306f840D1205450A9809e8dFF,3328
0x2A4241b5bfdc87B306f840D1205450A9809e8dFF,3328
0x2A4241b5bfdc87B306f840D1205450A9809e8dFF,3328
0x2A4241b5bfdc87B306f840D1205450A9809e8dFF,3328
0xaC9e70CFF58257a014FE9557d106288ae3A15C22,3346
0xaC9e70CFF58257a014FE9557d106288ae3A15C22,3346
0xaC9e70CFF58257a014FE9557d106288ae3A15C22,3346
0x6039F19e28F72Cb91Fb72E54E14C22699ac6dF11,3354
0xaC9e70CFF58257a014FE9557d106288ae3A15C22,3346
0x6039F19e28F72Cb91Fb72E54E14C22699ac6dF11,3354
0x08c18437bab9c40F104B80427486dCC0e4b609AA,3359
0x6039F19e28F72Cb91Fb72E54E14C22699ac6dF11,3354
0x08c18437bab9c40F104B80427486dCC0e4b609AA,3359
0x6039F19e28F72Cb91Fb72E54E14C22699ac6dF11,3354
0xaC9e70CFF58257a014FE9557d106288ae3A15C22,3346
0x08c18437bab9c40F104B80427486dCC0e4b609AA,3359
0x08c18437bab9c40F104B80427486dCC0e4b609AA,3359
0x6039F19e28F72Cb91Fb72E54E14C22699ac6dF11,3354
0x08c18437bab9c40F104B80427486dCC0e4b609AA,3359
0x59EEBC4C7Ac2c285EefC7bA14901AC69b0A7eF99,3376
0x59EEBC4C7Ac2c285EefC7bA14901AC69b0A7eF99,3376
0x59EEBC4C7Ac2c285EefC7bA14901AC69b0A7eF99,3376
0x59EEBC4C7Ac2c285EefC7bA14901AC69b0A7eF99,3376
0x59EEBC4C7Ac2c285EefC7bA14901AC69b0A7eF99,3376
0xC88B84b8AF8aD5A5E6FA97F007A27a8fC8f5f2BB,3400
0xC88B84b8AF8aD5A5E6FA97F007A27a8fC8f5f2BB,3400
0xCDe11208bC3067681a079F3cE02470843E8846FF,3402
0xCDe11208bC3067681a079F3cE02470843E8846FF,3402
0x291E69f6251974682b8E198da7e30Ae735aF3800,3404
0x291E69f6251974682b8E198da7e30Ae735aF3800,3404
0xC88B84b8AF8aD5A5E6FA97F007A27a8fC8f5f2BB,3400
0xCDe11208bC3067681a079F3cE02470843E8846FF,3402
0xC88B84b8AF8aD5A5E6FA97F007A27a8fC8f5f2BB,3400
0x291E69f6251974682b8E198da7e30Ae735aF3800,3404
0xCDe11208bC3067681a079F3cE02470843E8846FF,3402
0x291E69f6251974682b8E198da7e30Ae735aF3800,3404
0xC88B84b8AF8aD5A5E6FA97F007A27a8fC8f5f2BB,3400
0xCDe11208bC3067681a079F3cE02470843E8846FF,3402
0x291E69f6251974682b8E198da7e30Ae735aF3800,3404
0x067d98fABAd4e27561c85785eD00698C909c1866,3461
0x067d98fABAd4e27561c85785eD00698C909c1866,3461
0x067d98fABAd4e27561c85785eD00698C909c1866,3461
0x067d98fABAd4e27561c85785eD00698C909c1866,3461
0x067d98fABAd4e27561c85785eD00698C909c1866,3461
0x83FC7cbF9B0A5A4C3a02f763a53559Dd89b6d855,3485
0x83FC7cbF9B0A5A4C3a02f763a53559Dd89b6d855,3485
0x83FC7cbF9B0A5A4C3a02f763a53559Dd89b6d855,3485
0xc3E9d8D4Fb8f2Ee1Ed88D453D0bc489567597d44,3493
0x83FC7cbF9B0A5A4C3a02f763a53559Dd89b6d855,3485
0xc3E9d8D4Fb8f2Ee1Ed88D453D0bc489567597d44,3493
0xc3E9d8D4Fb8f2Ee1Ed88D453D0bc489567597d44,3493
0x83FC7cbF9B0A5A4C3a02f763a53559Dd89b6d855,3485
0xc3E9d8D4Fb8f2Ee1Ed88D453D0bc489567597d44,3493
0xc3E9d8D4Fb8f2Ee1Ed88D453D0bc489567597d44,3493
0xa66F4c32b7BB22094298fED25824AB194Aeb1f55,3523
0xa66F4c32b7BB22094298fED25824AB194Aeb1f55,3523
0xa66F4c32b7BB22094298fED25824AB194Aeb1f55,3523
0xa66F4c32b7BB22094298fED25824AB194Aeb1f55,3523
0xa66F4c32b7BB22094298fED25824AB194Aeb1f55,3523
0xc804E4DfD20224aBB9270d48dD438fcbB9CcCf66,3551
0xc804E4DfD20224aBB9270d48dD438fcbB9CcCf66,3551
0xc804E4DfD20224aBB9270d48dD438fcbB9CcCf66,3551
0xc804E4DfD20224aBB9270d48dD438fcbB9CcCf66,3551
0xc804E4DfD20224aBB9270d48dD438fcbB9CcCf66,3551
0xc240Ba34339A09D672d285502912E2cC6ccB9600,3588
0xc240Ba34339A09D672d285502912E2cC6ccB9600,3588
0xc240Ba34339A09D672d285502912E2cC6ccB9600,3588
0xc240Ba34339A09D672d285502912E2cC6ccB9600,3588
0xc240Ba34339A09D672d285502912E2cC6ccB9600,3588
0x238264c418C2EC074C1dd465C4de98FcBce74a55,3634
0x238264c418C2EC074C1dd465C4de98FcBce74a55,3634
0x238264c418C2EC074C1dd465C4de98FcBce74a55,3634
0x238264c418C2EC074C1dd465C4de98FcBce74a55,3634
0x238264c418C2EC074C1dd465C4de98FcBce74a55,3634
0xfA59E1CEe7Dc717354010FeBB68aAEF646aaF977,3674
0xfA59E1CEe7Dc717354010FeBB68aAEF646aaF977,3674
0xfA59E1CEe7Dc717354010FeBB68aAEF646aaF977,3674
0xfA59E1CEe7Dc717354010FeBB68aAEF646aaF977,3674
0xD492c5BE79a08eD78079Fb4dDb33e66e9Ba55b44,3690
0xA386eC6DDD696d1F3e59B375fb4e5e36DC069344,3692
0xfA59E1CEe7Dc717354010FeBB68aAEF646aaF977,3674
0xD492c5BE79a08eD78079Fb4dDb33e66e9Ba55b44,3690
0xA386eC6DDD696d1F3e59B375fb4e5e36DC069344,3692
0xD492c5BE79a08eD78079Fb4dDb33e66e9Ba55b44,3690
0xD492c5BE79a08eD78079Fb4dDb33e66e9Ba55b44,3690
0xA386eC6DDD696d1F3e59B375fb4e5e36DC069344,3692
0xA386eC6DDD696d1F3e59B375fb4e5e36DC069344,3692
0xD492c5BE79a08eD78079Fb4dDb33e66e9Ba55b44,3690
0xA386eC6DDD696d1F3e59B375fb4e5e36DC069344,3692
0x0fb666F58A64ad2f843727388A39b97c49D3A555,3738
0x0fb666F58A64ad2f843727388A39b97c49D3A555,3738
0x4Df43AF0f17c02f02044031F3BC4C3B518524b44,3750
0x0fb666F58A64ad2f843727388A39b97c49D3A555,3738
0x4Df43AF0f17c02f02044031F3BC4C3B518524b44,3750
0x0fb666F58A64ad2f843727388A39b97c49D3A555,3738
0x0fb666F58A64ad2f843727388A39b97c49D3A555,3738
0x4Df43AF0f17c02f02044031F3BC4C3B518524b44,3750
0x4Df43AF0f17c02f02044031F3BC4C3B518524b44,3750
0x4Df43AF0f17c02f02044031F3BC4C3B518524b44,3750
0xa87Ee082255E952237C9820aB86fc6854090ddbb,3777
0xa87Ee082255E952237C9820aB86fc6854090ddbb,3777
0xa87Ee082255E952237C9820aB86fc6854090ddbb,3777
0xa87Ee082255E952237C9820aB86fc6854090ddbb,3777
0xa87Ee082255E952237C9820aB86fc6854090ddbb,3777
0xef5610E0461ada88B56C51eB4811bda506758555,3814
0xef5610E0461ada88B56C51eB4811bda506758555,3814
0xef5610E0461ada88B56C51eB4811bda506758555,3814
0xef5610E0461ada88B56C51eB4811bda506758555,3814
0xef5610E0461ada88B56C51eB4811bda506758555,3814
0x63786d12A591f7E3112E059782333F8F048489ff,3845
0x63786d12A591f7E3112E059782333F8F048489ff,3845
0x63786d12A591f7E3112E059782333F8F048489ff,3845
0x63786d12A591f7E3112E059782333F8F048489ff,3845
0x63786d12A591f7E3112E059782333F8F048489ff,3845
0x5eb99A0E052Cea991B61De054FFeF10215F35144,3868
0x7a2E588e64ba4352962B44ea2a3D51cc5e023200,3871
0x5eb99A0E052Cea991B61De054FFeF10215F35144,3868
0x5eb99A0E052Cea991B61De054FFeF10215F35144,3868
0x7a2E588e64ba4352962B44ea2a3D51cc5e023200,3871
0x7a2E588e64ba4352962B44ea2a3D51cc5e023200,3871
0x5eb99A0E052Cea991B61De054FFeF10215F35144,3868
0x5eb99A0E052Cea991B61De054FFeF10215F35144,3868
0x7a2E588e64ba4352962B44ea2a3D51cc5e023200,3871
0x7a2E588e64ba4352962B44ea2a3D51cc5e023200,3871
0xE89A336b2547893a9f1B1E8bd5C47DdD2d9fD866,3883
0xE89A336b2547893a9f1B1E8bd5C47DdD2d9fD866,3883
0xE89A336b2547893a9f1B1E8bd5C47DdD2d9fD866,3883
0xE89A336b2547893a9f1B1E8bd5C47DdD2d9fD866,3883
0x5cBE0149DBa5919E74FfC6C2B325796E40793433,3891
0xE89A336b2547893a9f1B1E8bd5C47DdD2d9fD866,3883
0x5cBE0149DBa5919E74FfC6C2B325796E40793433,3891
0x5cBE0149DBa5919E74FfC6C2B325796E40793433,3891
0x5cBE0149DBa5919E74FfC6C2B325796E40793433,3891
0xCd76f17d089a9fA6e47E4722E22a36F6B8acae55,3899
0x5cBE0149DBa5919E74FfC6C2B325796E40793433,3891
0xCd76f17d089a9fA6e47E4722E22a36F6B8acae55,3899
0xCd76f17d089a9fA6e47E4722E22a36F6B8acae55,3899
0xCd76f17d089a9fA6e47E4722E22a36F6B8acae55,3899
0xCd76f17d089a9fA6e47E4722E22a36F6B8acae55,3899
0xf96DB1108e1F3d58a89fcFC518B9f3378c7Aebcc,3921
0xf96DB1108e1F3d58a89fcFC518B9f3378c7Aebcc,3921
0xf96DB1108e1F3d58a89fcFC518B9f3378c7Aebcc,3921
0xf96DB1108e1F3d58a89fcFC518B9f3378c7Aebcc,3921
0xf96DB1108e1F3d58a89fcFC518B9f3378c7Aebcc,3921
0x51F682Fb97FE158732c520E2d75dbeAfa92a1D00,3949
0x51F682Fb97FE158732c520E2d75dbeAfa92a1D00,3949
0x51F682Fb97FE158732c520E2d75dbeAfa92a1D00,3949
0x51F682Fb97FE158732c520E2d75dbeAfa92a1D00,3949
0x51F682Fb97FE158732c520E2d75dbeAfa92a1D00,3949
0x7243DB824a0f45b8704026D50Bfdd3d9A86E6033,3966
0x62B7f6b1c4A7FD171a8B1b55bA6904e006264122,3967
0x23DbD88345012076eAcA9e5c68902Caacb919177,3972
0x7243DB824a0f45b8704026D50Bfdd3d9A86E6033,3966
0x62B7f6b1c4A7FD171a8B1b55bA6904e006264122,3967
0x7243DB824a0f45b8704026D50Bfdd3d9A86E6033,3966
0xFEA2B298E89D30637b321630ff0560D0152Ab133,3975
0x62B7f6b1c4A7FD171a8B1b55bA6904e006264122,3967
0x7243DB824a0f45b8704026D50Bfdd3d9A86E6033,3966
0x23DbD88345012076eAcA9e5c68902Caacb919177,3972
0x62B7f6b1c4A7FD171a8B1b55bA6904e006264122,3967
0x23DbD88345012076eAcA9e5c68902Caacb919177,3972
0x23DbD88345012076eAcA9e5c68902Caacb919177,3972
0xFEA2B298E89D30637b321630ff0560D0152Ab133,3975
0xFEA2B298E89D30637b321630ff0560D0152Ab133,3975
0xFEA2B298E89D30637b321630ff0560D0152Ab133,3975
0x7243DB824a0f45b8704026D50Bfdd3d9A86E6033,3966
0x62B7f6b1c4A7FD171a8B1b55bA6904e006264122,3967
0x23DbD88345012076eAcA9e5c68902Caacb919177,3972
0xFEA2B298E89D30637b321630ff0560D0152Ab133,3975
0x815b48EA086B1aC501d22F715127518cCDdfb544,4036
0x815b48EA086B1aC501d22F715127518cCDdfb544,4036
0x815b48EA086B1aC501d22F715127518cCDdfb544,4036
0xEd02F8D3B728bcA894d16d77B6e803C7520F9800,4053
0x815b48EA086B1aC501d22F715127518cCDdfb544,4036
0xba5BaB86eBd3d2985f6A1bB1bB244651D173fa44,4056
0xEd02F8D3B728bcA894d16d77B6e803C7520F9800,4053
0x815b48EA086B1aC501d22F715127518cCDdfb544,4036
0xEd02F8D3B728bcA894d16d77B6e803C7520F9800,4053
0xba5BaB86eBd3d2985f6A1bB1bB244651D173fa44,4056
0xba5BaB86eBd3d2985f6A1bB1bB244651D173fa44,4056
0xEd02F8D3B728bcA894d16d77B6e803C7520F9800,4053
0xba5BaB86eBd3d2985f6A1bB1bB244651D173fa44,4056
0xEd02F8D3B728bcA894d16d77B6e803C7520F9800,4053
0xA1AE07f53402638668b23C45e56f570975089B88,4085
0xba5BaB86eBd3d2985f6A1bB1bB244651D173fa44,4056
0x0d569Be8EF76aE9C28a904769F6f9c238E303ECC,4088
0xA1AE07f53402638668b23C45e56f570975089B88,4085
0x0d569Be8EF76aE9C28a904769F6f9c238E303ECC,4088
0xA1AE07f53402638668b23C45e56f570975089B88,4085
0xA1AE07f53402638668b23C45e56f570975089B88,4085
0x0d569Be8EF76aE9C28a904769F6f9c238E303ECC,4088
0x0d569Be8EF76aE9C28a904769F6f9c238E303ECC,4088
0xA1AE07f53402638668b23C45e56f570975089B88,4085
0xaEDbF537644a6d9E0994AA2F16Bbeb8113e66011,4118
0x0d569Be8EF76aE9C28a904769F6f9c238E303ECC,4088
0x627EA55Fe7BD35B31bF8D574dfa8aA7208B7Ab22,4129
0xaEDbF537644a6d9E0994AA2F16Bbeb8113e66011,4118
0xaEDbF537644a6d9E0994AA2F16Bbeb8113e66011,4118
0xaEDbF537644a6d9E0994AA2F16Bbeb8113e66011,4118
0xA8E978fC1Eb25C4Cd963b354db5AA67f0B6Bc411,4141
0x627EA55Fe7BD35B31bF8D574dfa8aA7208B7Ab22,4129
0x627EA55Fe7BD35B31bF8D574dfa8aA7208B7Ab22,4129
0x627EA55Fe7BD35B31bF8D574dfa8aA7208B7Ab22,4129
0xaEDbF537644a6d9E0994AA2F16Bbeb8113e66011,4118
0xA8E978fC1Eb25C4Cd963b354db5AA67f0B6Bc411,4141
0xA8E978fC1Eb25C4Cd963b354db5AA67f0B6Bc411,4141
0x627EA55Fe7BD35B31bF8D574dfa8aA7208B7Ab22,4129
0xA8E978fC1Eb25C4Cd963b354db5AA67f0B6Bc411,4141
0x2EF35b48f9699Af740562b1dac45Ad3D9aD41133,4172
0xA8E978fC1Eb25C4Cd963b354db5AA67f0B6Bc411,4141
0x2EF35b48f9699Af740562b1dac45Ad3D9aD41133,4172
0x2EF35b48f9699Af740562b1dac45Ad3D9aD41133,4172
0x2EF35b48f9699Af740562b1dac45Ad3D9aD41133,4172
0x2EF35b48f9699Af740562b1dac45Ad3D9aD41133,4172
0xb035b8f0F31751be2947eAf43d76D34B51e81abb,4208
0xF5a70126E26b0F0B935265e576eDA1f655739044,4213
0xb035b8f0F31751be2947eAf43d76D34B51e81abb,4208
0xf0C2a5E78F9A2F3174286840f3c4D93a29B43fEE,4220
0xb035b8f0F31751be2947eAf43d76D34B51e81abb,4208
0xb035b8f0F31751be2947eAf43d76D34B51e81abb,4208
0xF5a70126E26b0F0B935265e576eDA1f655739044,4213
0xF5a70126E26b0F0B935265e576eDA1f655739044,4213
0xF5a70126E26b0F0B935265e576eDA1f655739044,4213
0xf0C2a5E78F9A2F3174286840f3c4D93a29B43fEE,4220
0xf0C2a5E78F9A2F3174286840f3c4D93a29B43fEE,4220
0xf0C2a5E78F9A2F3174286840f3c4D93a29B43fEE,4220
0xb035b8f0F31751be2947eAf43d76D34B51e81abb,4208
0xF5a70126E26b0F0B935265e576eDA1f655739044,4213
0xf0C2a5E78F9A2F3174286840f3c4D93a29B43fEE,4220
0x82a509A34f0Dd794c0765c576258FA64F5e53955,4261
0x82a509A34f0Dd794c0765c576258FA64F5e53955,4261
0x82a509A34f0Dd794c0765c576258FA64F5e53955,4261
0x82a509A34f0Dd794c0765c576258FA64F5e53955,4261
0x237954e70B8454099e9A3E24F73257DD61675C33,4283
0x237954e70B8454099e9A3E24F73257DD61675C33,4283
0x237954e70B8454099e9A3E24F73257DD61675C33,4283
0x548c8f36784127c12d429815A89E785a08468099,4298
0x82a509A34f0Dd794c0765c576258FA64F5e53955,4261
0x237954e70B8454099e9A3E24F73257DD61675C33,4283
0x548c8f36784127c12d429815A89E785a08468099,4298
0x548c8f36784127c12d429815A89E785a08468099,4298
0x548c8f36784127c12d429815A89E785a08468099,4298
0x237954e70B8454099e9A3E24F73257DD61675C33,4283
0xD125300640f32276B352fbf1b9e2437040d7c777,4324
0x548c8f36784127c12d429815A89E785a08468099,4298
0xD125300640f32276B352fbf1b9e2437040d7c777,4324
0xD125300640f32276B352fbf1b9e2437040d7c777,4324
0xD125300640f32276B352fbf1b9e2437040d7c777,4324
0xD125300640f32276B352fbf1b9e2437040d7c777,4324
0x006DF01f06c9f986499aC8840E757a06ad9e2155,4366
0x006DF01f06c9f986499aC8840E757a06ad9e2155,4366
0x006DF01f06c9f986499aC8840E757a06ad9e2155,4366
0x006DF01f06c9f986499aC8840E757a06ad9e2155,4366
0x006DF01f06c9f986499aC8840E757a06ad9e2155,4366
0x8650eac3be7853474523680835B9a5a7e2716922,4410
0xffe9Cc9983360D77F4b0dAb737aB79370Df422FF,4412
0x8650eac3be7853474523680835B9a5a7e2716922,4410
0xef01F2367ce2d6c0c4c8a97Edf866F06af59eA77,4421
0x8650eac3be7853474523680835B9a5a7e2716922,4410
0xffe9Cc9983360D77F4b0dAb737aB79370Df422FF,4412
0xffe9Cc9983360D77F4b0dAb737aB79370Df422FF,4412
0x8650eac3be7853474523680835B9a5a7e2716922,4410
0xef01F2367ce2d6c0c4c8a97Edf866F06af59eA77,4421
0xffe9Cc9983360D77F4b0dAb737aB79370Df422FF,4412
0xef01F2367ce2d6c0c4c8a97Edf866F06af59eA77,4421
0x8650eac3be7853474523680835B9a5a7e2716922,4410
0xffe9Cc9983360D77F4b0dAb737aB79370Df422FF,4412
0xef01F2367ce2d6c0c4c8a97Edf866F06af59eA77,4421
0x51E2EB9D4C376CE2E7655BE08AA41e3084F430ff,4449
0xef01F2367ce2d6c0c4c8a97Edf866F06af59eA77,4421
0x51E2EB9D4C376CE2E7655BE08AA41e3084F430ff,4449
0x51E2EB9D4C376CE2E7655BE08AA41e3084F430ff,4449
0x51E2EB9D4C376CE2E7655BE08AA41e3084F430ff,4449
0x51E2EB9D4C376CE2E7655BE08AA41e3084F430ff,4449
0x1133Bb30808323f2C6483eCC69bcf2F4e4B175ff,4497
0x76b65E266C16d2aBd8A3A1f56456760949571355,4498
0x1133Bb30808323f2C6483eCC69bcf2F4e4B175ff,4497
0x76b65E266C16d2aBd8A3A1f56456760949571355,4498
0x1133Bb30808323f2C6483eCC69bcf2F4e4B175ff,4497
0x1133Bb30808323f2C6483eCC69bcf2F4e4B175ff,4497
0x76b65E266C16d2aBd8A3A1f56456760949571355,4498
0x76b65E266C16d2aBd8A3A1f56456760949571355,4498
0x99c458635710a37DbD53165950CEF655C40c6CBB,4518
0x1133Bb30808323f2C6483eCC69bcf2F4e4B175ff,4497
0x76b65E266C16d2aBd8A3A1f56456760949571355,4498
0x99c458635710a37DbD53165950CEF655C40c6CBB,4518
0x99c458635710a37DbD53165950CEF655C40c6CBB,4518
0x7a45a2Ede7056cbb3Ab4536a284348bC456eC522,4534
0x99c458635710a37DbD53165950CEF655C40c6CBB,4518
0x99c458635710a37DbD53165950CEF655C40c6CBB,4518
0x7a45a2Ede7056cbb3Ab4536a284348bC456eC522,4534
0x7a45a2Ede7056cbb3Ab4536a284348bC456eC522,4534
0x7a45a2Ede7056cbb3Ab4536a284348bC456eC522,4534
0x7a45a2Ede7056cbb3Ab4536a284348bC456eC522,4534
0xaca6Fa09A3ecF8B9AAdA445340C0E1a25D7bd888,4558
0xaca6Fa09A3ecF8B9AAdA445340C0E1a25D7bd888,4558
0xaca6Fa09A3ecF8B9AAdA445340C0E1a25D7bd888,4558
0xaca6Fa09A3ecF8B9AAdA445340C0E1a25D7bd888,4558
0x536C982B4ebfca5C76Ec18813941f9deC4AB9311,4581
0xaca6Fa09A3ecF8B9AAdA445340C0E1a25D7bd888,4558
0x536C982B4ebfca5C76Ec18813941f9deC4AB9311,4581
0x536C982B4ebfca5C76Ec18813941f9deC4AB9311,4581
0x536C982B4ebfca5C76Ec18813941f9deC4AB9311,4581
0x536C982B4ebfca5C76Ec18813941f9deC4AB9311,4581
0x68725604dc843E9eA319f342f4F1213348f6f5aa,4611
0x68725604dc843E9eA319f342f4F1213348f6f5aa,4611
0x68725604dc843E9eA319f342f4F1213348f6f5aa,4611
0x68725604dc843E9eA319f342f4F1213348f6f5aa,4611
0x68725604dc843E9eA319f342f4F1213348f6f5aa,4611
0x7c5766D268e9ef3656eE7EB79bdECbd5905c1eee,4696
0x7c5766D268e9ef3656eE7EB79bdECbd5905c1eee,4696
0x7c5766D268e9ef3656eE7EB79bdECbd5905c1eee,4696
0x7c5766D268e9ef3656eE7EB79bdECbd5905c1eee,4696
0x7c5766D268e9ef3656eE7EB79bdECbd5905c1eee,4696
0x7851eaFf7A17cEB1f27f164FD184CcBEE69b7800,4727
0xb2bC46a4F0F76b3D67f402E12c6D4daCD891Bd99,4730
0x7851eaFf7A17cEB1f27f164FD184CcBEE69b7800,4727
0xb2bC46a4F0F76b3D67f402E12c6D4daCD891Bd99,4730
0x16Cff4b155286233127D9F8c206A1aDFb20F8211,4740
0x7851eaFf7A17cEB1f27f164FD184CcBEE69b7800,4727
0xb2bC46a4F0F76b3D67f402E12c6D4daCD891Bd99,4730
0x7851eaFf7A17cEB1f27f164FD184CcBEE69b7800,4727
0xb2bC46a4F0F76b3D67f402E12c6D4daCD891Bd99,4730
0x7851eaFf7A17cEB1f27f164FD184CcBEE69b7800,4727
0x16Cff4b155286233127D9F8c206A1aDFb20F8211,4740
0xb2bC46a4F0F76b3D67f402E12c6D4daCD891Bd99,4730
0x16Cff4b155286233127D9F8c206A1aDFb20F8211,4740
0x16Cff4b155286233127D9F8c206A1aDFb20F8211,4740
0x16Cff4b155286233127D9F8c206A1aDFb20F8211,4740
0xcec0AB365aEcB69Fa7Ea3CDa51d82c03A1c987EE,4769
0xcec0AB365aEcB69Fa7Ea3CDa51d82c03A1c987EE,4769
0xcec0AB365aEcB69Fa7Ea3CDa51d82c03A1c987EE,4769
0xcec0AB365aEcB69Fa7Ea3CDa51d82c03A1c987EE,4769
0xcec0AB365aEcB69Fa7Ea3CDa51d82c03A1c987EE,4769
0xF3d8C8df2954595010cb395682167f4600c7A3cc,4794
0xB49A33BcEeDa9927caB7beafD2220B5b8ff371ff,4795
0x046A4ec682E3F31fA6F52411CaF56a856fa5f688,4802
0xF3d8C8df2954595010cb395682167f4600c7A3cc,4794
0xB49A33BcEeDa9927caB7beafD2220B5b8ff371ff,4795
0xF3d8C8df2954595010cb395682167f4600c7A3cc,4794
0xB49A33BcEeDa9927caB7beafD2220B5b8ff371ff,4795
0xF3d8C8df2954595010cb395682167f4600c7A3cc,4794
0xB49A33BcEeDa9927caB7beafD2220B5b8ff371ff,4795
0x046A4ec682E3F31fA6F52411CaF56a856fa5f688,4802
0x046A4ec682E3F31fA6F52411CaF56a856fa5f688,4802
0xF3d8C8df2954595010cb395682167f4600c7A3cc,4794
0x046A4ec682E3F31fA6F52411CaF56a856fa5f688,4802
0xB49A33BcEeDa9927caB7beafD2220B5b8ff371ff,4795
0x046A4ec682E3F31fA6F52411CaF56a856fa5f688,4802
0x8FC0DA02639AA14aA3Cd73128Fa87b0af1c78777,4844
0x8FC0DA02639AA14aA3Cd73128Fa87b0af1c78777,4844
0x8FC0DA02639AA14aA3Cd73128Fa87b0af1c78777,4844
0x8FC0DA02639AA14aA3Cd73128Fa87b0af1c78777,4844
0x8FC0DA02639AA14aA3Cd73128Fa87b0af1c78777,4844
0x46e84Fd7348e141c6AA80dDc8Cc2A993EEe11644,4873
0x46e84Fd7348e141c6AA80dDc8Cc2A993EEe11644,4873
0x565Efb3bd021382d38cAA8F7626E2e87271f3366,4883
0x46e84Fd7348e141c6AA80dDc8Cc2A993EEe11644,4873
0x46e84Fd7348e141c6AA80dDc8Cc2A993EEe11644,4873
0x565Efb3bd021382d38cAA8F7626E2e87271f3366,4883
0x46e84Fd7348e141c6AA80dDc8Cc2A993EEe11644,4873
0x565Efb3bd021382d38cAA8F7626E2e87271f3366,4883
0x565Efb3bd021382d38cAA8F7626E2e87271f3366,4883
0xa578A73547445a8aeaB07aA17A6DB714ee3D4677,4896
0x565Efb3bd021382d38cAA8F7626E2e87271f3366,4883
0xa578A73547445a8aeaB07aA17A6DB714ee3D4677,4896
0xa578A73547445a8aeaB07aA17A6DB714ee3D4677,4896
0xa578A73547445a8aeaB07aA17A6DB714ee3D4677,4896
0xa578A73547445a8aeaB07aA17A6DB714ee3D4677,4896
0xf96D32cA148898f5Ebeb3Eb965b911e24cED4699,4991
0xf96D32cA148898f5Ebeb3Eb965b911e24cED4699,4991
0xf96D32cA148898f5Ebeb3Eb965b911e24cED4699,4991
0xf96D32cA148898f5Ebeb3Eb965b911e24cED4699,4991
0xf96D32cA148898f5Ebeb3Eb965b911e24cED4699,4991
0x0BA8e89E962b8c741Ac519846601c8d101F56899,5020
0x0BA8e89E962b8c741Ac519846601c8d101F56899,5020
0x0BA8e89E962b8c741Ac519846601c8d101F56899,5020
0x0BA8e89E962b8c741Ac519846601c8d101F56899,5020
0x0BA8e89E962b8c741Ac519846601c8d101F56899,5020
0x7b68405ee7f7EC17EffAb26D39aE5661e196b3CC,5044
0x7b68405ee7f7EC17EffAb26D39aE5661e196b3CC,5044
0x7b68405ee7f7EC17EffAb26D39aE5661e196b3CC,5044
0x7b68405ee7f7EC17EffAb26D39aE5661e196b3CC,5044
0x7b68405ee7f7EC17EffAb26D39aE5661e196b3CC,5044
0x268f004416890c782571B3aD4C01ad6b8E228c55,5082
0x268f004416890c782571B3aD4C01ad6b8E228c55,5082
0x268f004416890c782571B3aD4C01ad6b8E228c55,5082
0x268f004416890c782571B3aD4C01ad6b8E228c55,5082
0x268f004416890c782571B3aD4C01ad6b8E228c55,5082
0xe31A49F117587f2aaeE2c9721c97c202ed4F0dDD,5182
0x186c12961A48192070De660B0d6DF90BfA8AB188,5194
0xe31A49F117587f2aaeE2c9721c97c202ed4F0dDD,5182
0xe31A49F117587f2aaeE2c9721c97c202ed4F0dDD,5182
0x3C4e203140B4cd66bAA63eE80b8424706B6A1044,5210
0x186c12961A48192070De660B0d6DF90BfA8AB188,5194
0xe31A49F117587f2aaeE2c9721c97c202ed4F0dDD,5182
0xe31A49F117587f2aaeE2c9721c97c202ed4F0dDD,5182
0x186c12961A48192070De660B0d6DF90BfA8AB188,5194
0xBC85306Cc062b9EfCD388d5B67F3ec32A1fAd1BB,5222
0x186c12961A48192070De660B0d6DF90BfA8AB188,5194
0x3C4e203140B4cd66bAA63eE80b8424706B6A1044,5210
0x61f2aADB2a4Dfc363D1fb628b2fA9463FFab4eDD,5227
0x186c12961A48192070De660B0d6DF90BfA8AB188,5194
0x3C4e203140B4cd66bAA63eE80b8424706B6A1044,5210
0xBC85306Cc062b9EfCD388d5B67F3ec32A1fAd1BB,5222
0xEDe0f0dBa710f663c0e17DE847856E00997b1d00,5237
0x3C4e203140B4cd66bAA63eE80b8424706B6A1044,5210
0x61f2aADB2a4Dfc363D1fb628b2fA9463FFab4eDD,5227
0x3C4e203140B4cd66bAA63eE80b8424706B6A1044,5210
0xBC85306Cc062b9EfCD388d5B67F3ec32A1fAd1BB,5222
0xc29e49044927e73C46C8586eE4ffff6DE616e0dd,5251
0x61f2aADB2a4Dfc363D1fb628b2fA9463FFab4eDD,5227
0xEDe0f0dBa710f663c0e17DE847856E00997b1d00,5237
0xBC85306Cc062b9EfCD388d5B67F3ec32A1fAd1BB,5222
0x8937e7b7f0c01708be702E8e8FaB658b70395333,5255
0xBC85306Cc062b9EfCD388d5B67F3ec32A1fAd1BB,5222
0x61f2aADB2a4Dfc363D1fb628b2fA9463FFab4eDD,5227
0xA07c386fDAA88764985290e30CFa5Ac7D65b4e22,5262
0x61f2aADB2a4Dfc363D1fb628b2fA9463FFab4eDD,5227
0xEDe0f0dBa710f663c0e17DE847856E00997b1d00,5237
0x1501991ABE1E80632E30057a527F32bd03cA5011,5266
0xc29e49044927e73C46C8586eE4ffff6DE616e0dd,5251
0xaf2c16499eE4D87362b9D610943bE4001218e933,5267
0xEDe0f0dBa710f663c0e17DE847856E00997b1d00,5237
0x8937e7b7f0c01708be702E8e8FaB658b70395333,5255
0xEDe0f0dBa710f663c0e17DE847856E00997b1d00,5237
0xc29e49044927e73C46C8586eE4ffff6DE616e0dd,5251
0xA07c386fDAA88764985290e30CFa5Ac7D65b4e22,5262
0x8937e7b7f0c01708be702E8e8FaB658b70395333,5255
0xc29e49044927e73C46C8586eE4ffff6DE616e0dd,5251
0x1501991ABE1E80632E30057a527F32bd03cA5011,5266
0xaf2c16499eE4D87362b9D610943bE4001218e933,5267
0x8937e7b7f0c01708be702E8e8FaB658b70395333,5255
0xA07c386fDAA88764985290e30CFa5Ac7D65b4e22,5262
0xc29e49044927e73C46C8586eE4ffff6DE616e0dd,5251
0x1501991ABE1E80632E30057a527F32bd03cA5011,5266
0xCB4F975D8301cD6C0580353F51f94aD67aFBc888,5290
0xaf2c16499eE4D87362b9D610943bE4001218e933,5267
0x8937e7b7f0c01708be702E8e8FaB658b70395333,5255
0xA07c386fDAA88764985290e30CFa5Ac7D65b4e22,5262
0x1501991ABE1E80632E30057a527F32bd03cA5011,5266
0xaf2c16499eE4D87362b9D610943bE4001218e933,5267
0xA07c386fDAA88764985290e30CFa5Ac7D65b4e22,5262
0x1501991ABE1E80632E30057a527F32bd03cA5011,5266
0x5aA51AB79963e71B53037b6B56e7FB555d9D1922,5301
0xaf2c16499eE4D87362b9D610943bE4001218e933,5267
0xCB4F975D8301cD6C0580353F51f94aD67aFBc888,5290
0x801f61330f2D872656Cc360520aD9D2aDcEA06AA,5314
0xCB4F975D8301cD6C0580353F51f94aD67aFBc888,5290
0xCB4F975D8301cD6C0580353F51f94aD67aFBc888,5290
0x5aA51AB79963e71B53037b6B56e7FB555d9D1922,5301
0xCB4F975D8301cD6C0580353F51f94aD67aFBc888,5290
0x5aA51AB79963e71B53037b6B56e7FB555d9D1922,5301
0x5aA51AB79963e71B53037b6B56e7FB555d9D1922,5301
0x5aA51AB79963e71B53037b6B56e7FB555d9D1922,5301
0x801f61330f2D872656Cc360520aD9D2aDcEA06AA,5314
0x801f61330f2D872656Cc360520aD9D2aDcEA06AA,5314
0x801f61330f2D872656Cc360520aD9D2aDcEA06AA,5314
0x801f61330f2D872656Cc360520aD9D2aDcEA06AA,5314
0x1a86335508577b49adA5FC6c9Cb11ab33D5ED188,5368
0x2Cfd1bfc4066DC4025DE046749e1Dc5D697d13BB,5388
0x1a86335508577b49adA5FC6c9Cb11ab33D5ED188,5368
0x76fbDC345a33ca500e6b90054c7D18Dd9Df1CD33,5400
0x1422915a13630436542148dFF04CD1D73089d077,5401
0x1a86335508577b49adA5FC6c9Cb11ab33D5ED188,5368
0x1a86335508577b49adA5FC6c9Cb11ab33D5ED188,5368
0x2Cfd1bfc4066DC4025DE046749e1Dc5D697d13BB,5388
0x1a86335508577b49adA5FC6c9Cb11ab33D5ED188,5368
0x2Cfd1bfc4066DC4025DE046749e1Dc5D697d13BB,5388
0x2Cfd1bfc4066DC4025DE046749e1Dc5D697d13BB,5388
0x76fbDC345a33ca500e6b90054c7D18Dd9Df1CD33,5400
0x1422915a13630436542148dFF04CD1D73089d077,5401
0x1314602ec410b4d938941480D7D9F8aA12095E88,5428
0x76fbDC345a33ca500e6b90054c7D18Dd9Df1CD33,5400
0x1422915a13630436542148dFF04CD1D73089d077,5401
0x76fbDC345a33ca500e6b90054c7D18Dd9Df1CD33,5400
0x1422915a13630436542148dFF04CD1D73089d077,5401
0x2Cfd1bfc4066DC4025DE046749e1Dc5D697d13BB,5388
0x76fbDC345a33ca500e6b90054c7D18Dd9Df1CD33,5400
0x1422915a13630436542148dFF04CD1D73089d077,5401
0x1314602ec410b4d938941480D7D9F8aA12095E88,5428
0x1314602ec410b4d938941480D7D9F8aA12095E88,5428
0x1314602ec410b4d938941480D7D9F8aA12095E88,5428
0x01503FE362Bd24DBFE37A8AECa54baDFCa756000,5466
0x59A723e0CB943AeBeDb9440473D1a70064213d55,5473
0x1314602ec410b4d938941480D7D9F8aA12095E88,5428
0x01503FE362Bd24DBFE37A8AECa54baDFCa756000,5466
0x01503FE362Bd24DBFE37A8AECa54baDFCa756000,5466
0x59A723e0CB943AeBeDb9440473D1a70064213d55,5473
0x01503FE362Bd24DBFE37A8AECa54baDFCa756000,5466
0x59A723e0CB943AeBeDb9440473D1a70064213d55,5473
0x59A723e0CB943AeBeDb9440473D1a70064213d55,5473
0x01503FE362Bd24DBFE37A8AECa54baDFCa756000,5466
0x59A723e0CB943AeBeDb9440473D1a70064213d55,5473
0x48A4bED0644b49Ec15b946b1Bd807603A0FF8311,5537
0xdF4a07D5B9fBC8F146Ed01930d98ACa70f2bF300,5548
0xFba6e9E337747FAE961f27F42Fe808B5bbc19D88,5554
0x1A3862Bbe3b6045c1c4a97FeD01d27E4E1072533,5562
0x48A4bED0644b49Ec15b946b1Bd807603A0FF8311,5537
0x48A4bED0644b49Ec15b946b1Bd807603A0FF8311,5537
0xdF4a07D5B9fBC8F146Ed01930d98ACa70f2bF300,5548
0x48A4bED0644b49Ec15b946b1Bd807603A0FF8311,5537
0xFba6e9E337747FAE961f27F42Fe808B5bbc19D88,5554
0xdF4a07D5B9fBC8F146Ed01930d98ACa70f2bF300,5548
0x1A3862Bbe3b6045c1c4a97FeD01d27E4E1072533,5562
0xdF4a07D5B9fBC8F146Ed01930d98ACa70f2bF300,5548
0x48A4bED0644b49Ec15b946b1Bd807603A0FF8311,5537
0xFba6e9E337747FAE961f27F42Fe808B5bbc19D88,5554
0xFba6e9E337747FAE961f27F42Fe808B5bbc19D88,5554
0x1A3862Bbe3b6045c1c4a97FeD01d27E4E1072533,5562
0xdF4a07D5B9fBC8F146Ed01930d98ACa70f2bF300,5548
0xc318DBCaB86e57FE5cfa52B20B749C1b8b476688,5601
0x1A3862Bbe3b6045c1c4a97FeD01d27E4E1072533,5562
0xFba6e9E337747FAE961f27F42Fe808B5bbc19D88,5554
0xc318DBCaB86e57FE5cfa52B20B749C1b8b476688,5601
0x5845Fb6CBCF598f4d0391235236ba69a85dA7Ccc,5632
0xc318DBCaB86e57FE5cfa52B20B749C1b8b476688,5601
0x1A3862Bbe3b6045c1c4a97FeD01d27E4E1072533,5562
0xc318DBCaB86e57FE5cfa52B20B749C1b8b476688,5601
0x5845Fb6CBCF598f4d0391235236ba69a85dA7Ccc,5632
0x5845Fb6CBCF598f4d0391235236ba69a85dA7Ccc,5632
0x381e452Dd7081fbB8379E59b7f6b382D503B7277,5682
0x5845Fb6CBCF598f4d0391235236ba69a85dA7Ccc,5632
0x67CA103B0f0635aDDDcba4eB7f0fdE5b6c0CeE88,5686
0xc318DBCaB86e57FE5cfa52B20B749C1b8b476688,5601
0x381e452Dd7081fbB8379E59b7f6b382D503B7277,5682
0x63f851DDE71344e5A1986E768579E7084E588822,5719
0x3C8D5EF0c430dd65B1562De4c8af2EAE65484722,5724
0x67CA103B0f0635aDDDcba4eB7f0fdE5b6c0CeE88,5686
0x5845Fb6CBCF598f4d0391235236ba69a85dA7Ccc,5632
0x381e452Dd7081fbB8379E59b7f6b382D503B7277,5682
0x67CA103B0f0635aDDDcba4eB7f0fdE5b6c0CeE88,5686
0x381e452Dd7081fbB8379E59b7f6b382D503B7277,5682
0x67CA103B0f0635aDDDcba4eB7f0fdE5b6c0CeE88,5686
0x63f851DDE71344e5A1986E768579E7084E588822,5719
0x3C8D5EF0c430dd65B1562De4c8af2EAE65484722,5724
0x2CdBb034D1BEbC01756E42C2f8dF6564C7750D00,5766
0x63f851DDE71344e5A1986E768579E7084E588822,5719
0x68De9573CEEAE88097611b100081928F192e0311,5771
0x3C8D5EF0c430dd65B1562De4c8af2EAE65484722,5724
0x381e452Dd7081fbB8379E59b7f6b382D503B7277,5682
0x63f851DDE71344e5A1986E768579E7084E588822,5719
0x67CA103B0f0635aDDDcba4eB7f0fdE5b6c0CeE88,5686
0x3C8D5EF0c430dd65B1562De4c8af2EAE65484722,5724
0xac524aa4E2E95DAbEf69D90b591826FD41E0cDbb,5803
0x2CdBb034D1BEbC01756E42C2f8dF6564C7750D00,5766
0x68De9573CEEAE88097611b100081928F192e0311,5771
0x63f851DDE71344e5A1986E768579E7084E588822,5719
0x86CE2fbfBc8dBA6fef891E8ee67DFBCf7ABF1BFF,5817
0x3C8D5EF0c430dd65B1562De4c8af2EAE65484722,5724
0x2CdBb034D1BEbC01756E42C2f8dF6564C7750D00,5766
0x70A03f09b6AD5ca465798C133fd8da42c3e09733,5827
0x68De9573CEEAE88097611b100081928F192e0311,5771
0x2CdBb034D1BEbC01756E42C2f8dF6564C7750D00,5766
0x68De9573CEEAE88097611b100081928F192e0311,5771
0x48E777537ddd6dEdFceBD4971f47d6C2d30C31dd,5837
0xac524aa4E2E95DAbEf69D90b591826FD41E0cDbb,5803
0x86CE2fbfBc8dBA6fef891E8ee67DFBCf7ABF1BFF,5817
0x2CdBb034D1BEbC01756E42C2f8dF6564C7750D00,5766
0xac524aa4E2E95DAbEf69D90b591826FD41E0cDbb,5803
0xac524aa4E2E95DAbEf69D90b591826FD41E0cDbb,5803
0x68De9573CEEAE88097611b100081928F192e0311,5771
0x70A03f09b6AD5ca465798C133fd8da42c3e09733,5827
0x86CE2fbfBc8dBA6fef891E8ee67DFBCf7ABF1BFF,5817
0x86CE2fbfBc8dBA6fef891E8ee67DFBCf7ABF1BFF,5817
0x70A03f09b6AD5ca465798C133fd8da42c3e09733,5827
0xB2F21DCcdEB5266799d90dc0De2E9FDdf25bC1cc,5872
0x70A03f09b6AD5ca465798C133fd8da42c3e09733,5827
0xf775C5215e17137ad77c39B9dfA563D967F75B88,5877
0x48E777537ddd6dEdFceBD4971f47d6C2d30C31dd,5837
0xac524aa4E2E95DAbEf69D90b591826FD41E0cDbb,5803
0x48E777537ddd6dEdFceBD4971f47d6C2d30C31dd,5837
0x48E777537ddd6dEdFceBD4971f47d6C2d30C31dd,5837
0x86CE2fbfBc8dBA6fef891E8ee67DFBCf7ABF1BFF,5817
0x70A03f09b6AD5ca465798C133fd8da42c3e09733,5827
0x48E777537ddd6dEdFceBD4971f47d6C2d30C31dd,5837
0xB2F21DCcdEB5266799d90dc0De2E9FDdf25bC1cc,5872
0xB2F21DCcdEB5266799d90dc0De2E9FDdf25bC1cc,5872
0xB2F21DCcdEB5266799d90dc0De2E9FDdf25bC1cc,5872
0xf775C5215e17137ad77c39B9dfA563D967F75B88,5877
0xf775C5215e17137ad77c39B9dfA563D967F75B88,5877
0xf775C5215e17137ad77c39B9dfA563D967F75B88,5877
0x894834Aca93751be2893E9B3be90288C2902F177,5919
0x788091407eB8aD6D36f63Ad3AAcFBe4C0DAf0588,5923
0xB2F21DCcdEB5266799d90dc0De2E9FDdf25bC1cc,5872
0xf775C5215e17137ad77c39B9dfA563D967F75B88,5877
0x894834Aca93751be2893E9B3be90288C2902F177,5919
0x894834Aca93751be2893E9B3be90288C2902F177,5919
0x894834Aca93751be2893E9B3be90288C2902F177,5919
0x788091407eB8aD6D36f63Ad3AAcFBe4C0DAf0588,5923
0x788091407eB8aD6D36f63Ad3AAcFBe4C0DAf0588,5923
0x788091407eB8aD6D36f63Ad3AAcFBe4C0DAf0588,5923
0xA7D04140a884EfAd12941f02f00E6cB45Cd82b11,5973
0x894834Aca93751be2893E9B3be90288C2902F177,5919
0xEeb8A57D90C87522A1F6Aa133227bCd361636Abb,5994
0x788091407eB8aD6D36f63Ad3AAcFBe4C0DAf0588,5923
0xA7D04140a884EfAd12941f02f00E6cB45Cd82b11,5973
0xA7D04140a884EfAd12941f02f00E6cB45Cd82b11,5973
0xA7D04140a884EfAd12941f02f00E6cB45Cd82b11,5973
0xC8D376F34a22D4D8181D0b46c4496D768503B699,6024
0xEeb8A57D90C87522A1F6Aa133227bCd361636Abb,5994
0xEeb8A57D90C87522A1F6Aa133227bCd361636Abb,5994
0xEeb8A57D90C87522A1F6Aa133227bCd361636Abb,5994
0xa5a7c28469fBA9C3b363386cB00CcB1FE8873F44,6045
0x5b3CC8580ddb90274819f0ac6973D8381e9B5711,6047
0xA7D04140a884EfAd12941f02f00E6cB45Cd82b11,5973
0xC8D376F34a22D4D8181D0b46c4496D768503B699,6024
0x82413C2bd65474FDF293403FeeE53992371A5622,6062
0xC8D376F34a22D4D8181D0b46c4496D768503B699,6024
0xC8D376F34a22D4D8181D0b46c4496D768503B699,6024
0xEeb8A57D90C87522A1F6Aa133227bCd361636Abb,5994
0xa5a7c28469fBA9C3b363386cB00CcB1FE8873F44,6045
0x5b3CC8580ddb90274819f0ac6973D8381e9B5711,6047
0xa5a7c28469fBA9C3b363386cB00CcB1FE8873F44,6045
0x5b3CC8580ddb90274819f0ac6973D8381e9B5711,6047
0xa5a7c28469fBA9C3b363386cB00CcB1FE8873F44,6045
0x5b3CC8580ddb90274819f0ac6973D8381e9B5711,6047
0x82413C2bd65474FDF293403FeeE53992371A5622,6062
0x82413C2bd65474FDF293403FeeE53992371A5622,6062
0xC8D376F34a22D4D8181D0b46c4496D768503B699,6024
0x82413C2bd65474FDF293403FeeE53992371A5622,6062
0xa5a7c28469fBA9C3b363386cB00CcB1FE8873F44,6045
0x5b3CC8580ddb90274819f0ac6973D8381e9B5711,6047
0x82413C2bd65474FDF293403FeeE53992371A5622,6062
0x84844ecbDD157aF0A2234863C0033F8D67bcbc11,6173
0x84844ecbDD157aF0A2234863C0033F8D67bcbc11,6173
0xC350fb0C2BCcaa0581E563b3757AA14126d14777,6201
0x84844ecbDD157aF0A2234863C0033F8D67bcbc11,6173
0x537442cD3DE60146def5004f8e0469b513224488,6216
0x84844ecbDD157aF0A2234863C0033F8D67bcbc11,6173
0xC350fb0C2BCcaa0581E563b3757AA14126d14777,6201
0xC350fb0C2BCcaa0581E563b3757AA14126d14777,6201
0x84844ecbDD157aF0A2234863C0033F8D67bcbc11,6173
0x537442cD3DE60146def5004f8e0469b513224488,6216
0x537442cD3DE60146def5004f8e0469b513224488,6216
0xd66D314f7F852Cd71347453F5aB74598374DD766,6249
0xC350fb0C2BCcaa0581E563b3757AA14126d14777,6201
0x6e4C7456253dB4485F7f9dCC989c4aA2764272aa,6262
0xC350fb0C2BCcaa0581E563b3757AA14126d14777,6201
0x537442cD3DE60146def5004f8e0469b513224488,6216
0x9909e3ED075CddA1c085Ee9bC4A9A017926F4B88,6266
0x72619FCC730E1F3aF7Ed5d39A929c2ABaEC284aa,6269
0x1e5849878b47f9948C352362881b71AE409aa777,6273
0xd66D314f7F852Cd71347453F5aB74598374DD766,6249
0xd66D314f7F852Cd71347453F5aB74598374DD766,6249
0x1ec4900f5951672E1B05EA7cC3B6d3e60C8B0F00,6280
0x537442cD3DE60146def5004f8e0469b513224488,6216
0xF54A71388999Cf0dC86E78C4FCF6F34fCDb13e00,6283
0x6e4C7456253dB4485F7f9dCC989c4aA2764272aa,6262
0x6e4C7456253dB4485F7f9dCC989c4aA2764272aa,6262
0x9909e3ED075CddA1c085Ee9bC4A9A017926F4B88,6266
0x9909e3ED075CddA1c085Ee9bC4A9A017926F4B88,6266
0x72619FCC730E1F3aF7Ed5d39A929c2ABaEC284aa,6269
0x72619FCC730E1F3aF7Ed5d39A929c2ABaEC284aa,6269
0xd66D314f7F852Cd71347453F5aB74598374DD766,6249
0x1e5849878b47f9948C352362881b71AE409aa777,6273
0x1e5849878b47f9948C352362881b71AE409aa777,6273
0x1ec4900f5951672E1B05EA7cC3B6d3e60C8B0F00,6280
0x1ec4900f5951672E1B05EA7cC3B6d3e60C8B0F00,6280
0x6e4C7456253dB4485F7f9dCC989c4aA2764272aa,6262
0xF54A71388999Cf0dC86E78C4FCF6F34fCDb13e00,6283
0xd66D314f7F852Cd71347453F5aB74598374DD766,6249
0xF54A71388999Cf0dC86E78C4FCF6F34fCDb13e00,6283
0x9909e3ED075CddA1c085Ee9bC4A9A017926F4B88,6266
0x72619FCC730E1F3aF7Ed5d39A929c2ABaEC284aa,6269
0x1e5849878b47f9948C352362881b71AE409aa777,6273
0x6e4C7456253dB4485F7f9dCC989c4aA2764272aa,6262
0x1ec4900f5951672E1B05EA7cC3B6d3e60C8B0F00,6280
0x9909e3ED075CddA1c085Ee9bC4A9A017926F4B88,6266
0x72619FCC730E1F3aF7Ed5d39A929c2ABaEC284aa,6269
0xF54A71388999Cf0dC86E78C4FCF6F34fCDb13e00,6283
0x1e5849878b47f9948C352362881b71AE409aa777,6273
0xad4aF7C3Ed49345F6aFdF007d177F42DFaF68344,6333
0x1ec4900f5951672E1B05EA7cC3B6d3e60C8B0F00,6280
0xF54A71388999Cf0dC86E78C4FCF6F34fCDb13e00,6283
0x1aAD73394851Ce2297c5cDe4240C05D7B755E988,6345
0xad4aF7C3Ed49345F6aFdF007d177F42DFaF68344,6333
0xad4aF7C3Ed49345F6aFdF007d177F42DFaF68344,6333
0x1aAD73394851Ce2297c5cDe4240C05D7B755E988,6345
0x1aAD73394851Ce2297c5cDe4240C05D7B755E988,6345
0x11e22dBE6e9c1eaB0dfa4e0f22Ba131253067022,6383
0xad4aF7C3Ed49345F6aFdF007d177F42DFaF68344,6333
0xad4aF7C3Ed49345F6aFdF007d177F42DFaF68344,6333
0x1aAD73394851Ce2297c5cDe4240C05D7B755E988,6345
0x1aAD73394851Ce2297c5cDe4240C05D7B755E988,6345
0x11e22dBE6e9c1eaB0dfa4e0f22Ba131253067022,6383
0x67FCc00011D582CA92Fe7d964A99e4396CE2ea00,6424
0x11e22dBE6e9c1eaB0dfa4e0f22Ba131253067022,6383
0x7F0e06a6581130145a3bccbfece8D0591F186133,6427
0x6e0FBa6A702DffA4b7569D488e7D46A870E22733,6441
0x11e22dBE6e9c1eaB0dfa4e0f22Ba131253067022,6383
0x11e22dBE6e9c1eaB0dfa4e0f22Ba131253067022,6383
0x67FCc00011D582CA92Fe7d964A99e4396CE2ea00,6424
0x67FCc00011D582CA92Fe7d964A99e4396CE2ea00,6424
0x7F0e06a6581130145a3bccbfece8D0591F186133,6427
0x7F0e06a6581130145a3bccbfece8D0591F186133,6427
0xa5F197d599c68Ee4aE3ff89A4D7F245686480f77,6477
0xb8be95c45AF49A81c1d6cc8E1eCC90A6537afa22,6482
0x4a590196588B1B962910139969aEA23102434266,6485
0x67FCc00011D582CA92Fe7d964A99e4396CE2ea00,6424
0x6e0FBa6A702DffA4b7569D488e7D46A870E22733,6441
0x7F0e06a6581130145a3bccbfece8D0591F186133,6427
0x6e0FBa6A702DffA4b7569D488e7D46A870E22733,6441
0xdA5DA1858a751dc6ecF7cCD47128517046266e11,6493
0x65731Cf59Ce8b1bA8b37446fec6657cF9a30E722,6500
0xe0DF2ffA0c4f91DeffbBfF895A45716664E07844,6503
0x67FCc00011D582CA92Fe7d964A99e4396CE2ea00,6424
0x7F0e06a6581130145a3bccbfece8D0591F186133,6427
0xF85f715A6e2A633230F159427018534041B9a4aa,6509
0x6e0FBa6A702DffA4b7569D488e7D46A870E22733,6441
0xd0BC4BD39D64C3DD33594AE4a1Df082eE1d36966,6513
0x6e0FBa6A702DffA4b7569D488e7D46A870E22733,6441
0xa5F197d599c68Ee4aE3ff89A4D7F245686480f77,6477
0xb8be95c45AF49A81c1d6cc8E1eCC90A6537afa22,6482
0xa5F197d599c68Ee4aE3ff89A4D7F245686480f77,6477
0x4a590196588B1B962910139969aEA23102434266,6485
0xb8be95c45AF49A81c1d6cc8E1eCC90A6537afa22,6482
0xa5F197d599c68Ee4aE3ff89A4D7F245686480f77,6477
0x4a590196588B1B962910139969aEA23102434266,6485
0xb8be95c45AF49A81c1d6cc8E1eCC90A6537afa22,6482
0xdA5DA1858a751dc6ecF7cCD47128517046266e11,6493
0x4a590196588B1B962910139969aEA23102434266,6485
0xdA5DA1858a751dc6ecF7cCD47128517046266e11,6493
0xb8E84Ae619F6c73668F53bFc0dB3Db8C69e41522,6553
0x2776ac6F2b3E4F52C7815e35123b0DFcDD59e622,6555
0x65731Cf59Ce8b1bA8b37446fec6657cF9a30E722,6500
0xe0DF2ffA0c4f91DeffbBfF895A45716664E07844,6503
0xdA5DA1858a751dc6ecF7cCD47128517046266e11,6493
0x65731Cf59Ce8b1bA8b37446fec6657cF9a30E722,6500
0xa5F197d599c68Ee4aE3ff89A4D7F245686480f77,6477
0xe0DF2ffA0c4f91DeffbBfF895A45716664E07844,6503
0xF85f715A6e2A633230F159427018534041B9a4aa,6509
0xb8be95c45AF49A81c1d6cc8E1eCC90A6537afa22,6482
0x65731Cf59Ce8b1bA8b37446fec6657cF9a30E722,6500
0xF85f715A6e2A633230F159427018534041B9a4aa,6509
0xd0BC4BD39D64C3DD33594AE4a1Df082eE1d36966,6513
0x4a590196588B1B962910139969aEA23102434266,6485
0xe0DF2ffA0c4f91DeffbBfF895A45716664E07844,6503
0xd0BC4BD39D64C3DD33594AE4a1Df082eE1d36966,6513
0x284927270cf4A0eC627b58de1343Ca51a1a34f88,6575
0xF85f715A6e2A633230F159427018534041B9a4aa,6509
0xdA5DA1858a751dc6ecF7cCD47128517046266e11,6493
0xd0BC4BD39D64C3DD33594AE4a1Df082eE1d36966,6513
0x65731Cf59Ce8b1bA8b37446fec6657cF9a30E722,6500
0xe0DF2ffA0c4f91DeffbBfF895A45716664E07844,6503
0xF85f715A6e2A633230F159427018534041B9a4aa,6509
0xc5da2d03b865971ec30166374FBC4032A3C4EEdd,6600
0xd0BC4BD39D64C3DD33594AE4a1Df082eE1d36966,6513
0xb8E84Ae619F6c73668F53bFc0dB3Db8C69e41522,6553
0x2776ac6F2b3E4F52C7815e35123b0DFcDD59e622,6555
0xb8E84Ae619F6c73668F53bFc0dB3Db8C69e41522,6553
0x2776ac6F2b3E4F52C7815e35123b0DFcDD59e622,6555
0xb8E84Ae619F6c73668F53bFc0dB3Db8C69e41522,6553
0x2776ac6F2b3E4F52C7815e35123b0DFcDD59e622,6555
0x284927270cf4A0eC627b58de1343Ca51a1a34f88,6575
0x284927270cf4A0eC627b58de1343Ca51a1a34f88,6575
0xb8E84Ae619F6c73668F53bFc0dB3Db8C69e41522,6553
0x2776ac6F2b3E4F52C7815e35123b0DFcDD59e622,6555
0x678202d31b0991C2C27e443cc1406be9F2803E44,6644
0x284927270cf4A0eC627b58de1343Ca51a1a34f88,6575
0x16853FeeBd4c7d59FcC7e26602Ea846e5A523Aaa,6645
0xc5da2d03b865971ec30166374FBC4032A3C4EEdd,6600
0xc5da2d03b865971ec30166374FBC4032A3C4EEdd,6600
0x284927270cf4A0eC627b58de1343Ca51a1a34f88,6575
0xc5da2d03b865971ec30166374FBC4032A3C4EEdd,6600
0xDe081744AC5d6e5611AfBdEda3965a86Ab636D44,6693
0x678202d31b0991C2C27e443cc1406be9F2803E44,6644
0x16853FeeBd4c7d59FcC7e26602Ea846e5A523Aaa,6645
0xc5da2d03b865971ec30166374FBC4032A3C4EEdd,6600
0x678202d31b0991C2C27e443cc1406be9F2803E44,6644
0x16853FeeBd4c7d59FcC7e26602Ea846e5A523Aaa,6645
0x678202d31b0991C2C27e443cc1406be9F2803E44,6644
0x16853FeeBd4c7d59FcC7e26602Ea846e5A523Aaa,6645
0xDeb587DAA57200A6F11290e48Cf2c1b37aD186EE,6714
0xDe081744AC5d6e5611AfBdEda3965a86Ab636D44,6693
0xDe081744AC5d6e5611AfBdEda3965a86Ab636D44,6693
0xDe081744AC5d6e5611AfBdEda3965a86Ab636D44,6693
0x678202d31b0991C2C27e443cc1406be9F2803E44,6644
0x16853FeeBd4c7d59FcC7e26602Ea846e5A523Aaa,6645
0xDeb587DAA57200A6F11290e48Cf2c1b37aD186EE,6714
0xDeb587DAA57200A6F11290e48Cf2c1b37aD186EE,6714
0xDeb587DAA57200A6F11290e48Cf2c1b37aD186EE,6714
0xE78C4daad43e7c09bF48023d7715c274A3e65811,6780
0xDe081744AC5d6e5611AfBdEda3965a86Ab636D44,6693
0xDeb587DAA57200A6F11290e48Cf2c1b37aD186EE,6714
0xE78C4daad43e7c09bF48023d7715c274A3e65811,6780
0xE78C4daad43e7c09bF48023d7715c274A3e65811,6780
0xE78C4daad43e7c09bF48023d7715c274A3e65811,6780
0x13062A93fBDdc99AdD324916C1646073347f0122,6839
0x0c5A186964a309384CE2431fb7E2cef13589f711,6845
0x587f6ff4176AC06137FAF23c34e8F70b6C25aC00,6872
0xE78C4daad43e7c09bF48023d7715c274A3e65811,6780
0x13062A93fBDdc99AdD324916C1646073347f0122,6839
0x13062A93fBDdc99AdD324916C1646073347f0122,6839
0x13062A93fBDdc99AdD324916C1646073347f0122,6839
0x0c5A186964a309384CE2431fb7E2cef13589f711,6845
0x0c5A186964a309384CE2431fb7E2cef13589f711,6845
0x0c5A186964a309384CE2431fb7E2cef13589f711,6845
0x587f6ff4176AC06137FAF23c34e8F70b6C25aC00,6872
0x587f6ff4176AC06137FAF23c34e8F70b6C25aC00,6872
0x587f6ff4176AC06137FAF23c34e8F70b6C25aC00,6872
0x13062A93fBDdc99AdD324916C1646073347f0122,6839
0x0c5A186964a309384CE2431fb7E2cef13589f711,6845
0x3F5BE921f37E536308aCebb77960be0664eFB888,6943
0x587f6ff4176AC06137FAF23c34e8F70b6C25aC00,6872
0x910F44cc243ea9840461F8a4B3Fef350Ed7122bb,6984
0xe5F664d0A8d38d538170c319b7254509C0E27444,6986
0x3F5BE921f37E536308aCebb77960be0664eFB888,6943
0x3F5BE921f37E536308aCebb77960be0664eFB888,6943
0x3F5BE921f37E536308aCebb77960be0664eFB888,6943
0x3d4E5932b6d16b3D3138757347A0788758B62E22,7002
0x62648C0B47bFCDf9cF11E3DA868C6A515010Fe55,7029
0x910F44cc243ea9840461F8a4B3Fef350Ed7122bb,6984
0x910F44cc243ea9840461F8a4B3Fef350Ed7122bb,6984
0xe5F664d0A8d38d538170c319b7254509C0E27444,6986
0xe5F664d0A8d38d538170c319b7254509C0E27444,6986
0x3F5BE921f37E536308aCebb77960be0664eFB888,6943
0x910F44cc243ea9840461F8a4B3Fef350Ed7122bb,6984
0xe5F664d0A8d38d538170c319b7254509C0E27444,6986
0x4C4455a2903A6B0BA8849bDD251eAeB621168cdd,7050
0x80512Fdee510F86985a2e98A29c473b13C7dF344,7052
0x3d4E5932b6d16b3D3138757347A0788758B62E22,7002
0x3d4E